"","g0","g1","g2","g3","g4","g5","g6","g7","g8","g9","g10","g11","g12","g13","g14","g15","g16"
"Map2",7.86699781039176,6.7169399256819,6.5494414486425,1.83089463210784,4.5284667953286,10.0042710031898,6.09076801028378,7.90243784250647,6.98680115902381,2.12824314094268,1.06618810143078,8.20765605043775,0.437606242618969,6.9429114283604,1.30670476878454,8.9427744120202,3.14311728900679
"Ptprc",0.00535085071174614,0.0321914506228262,0.0120783295340922,0.00569213329108907,0.00322828044262861,0.013130580596116,0.00976131629397961,0.0143159900597476,0,0.0488701227617484,6.5704650415312,0.052093643533616,0.0709416079624861,0,0,0,0
"Ptgs2",0.00263859105753448,0.0407083852939875,0.0170083637381726,0,0,0.00500125031257815,0,0.0340089286112213,0.0319875443947585,0,0,0,0.630395104029862,0,0,0,0
"Atf3",0.00121178778687561,0,0.00342046809027635,0,0.0174681846130914,0.0052513451087772,0,0.0321197856432979,0,0,0.17497966574074,0,0.16357022279418,0,0,0,0
"Vim",0.010793115094082,0.00325053698665507,0.00886469334698213,0.018391819318767,0,0.0102712572002536,0.0332524857723043,0.00413080610615759,0.0160028075522233,0.508853245353826,0,0,0.932538277240377,0,0,0,0.601202694759329
"Mrc1",0.00123401312870356,0,0.00259829209064298,0,0.00134457831066105,0,0.0758941586570912,0,0,0,1.45386030336553,0.0245572330874336,0,0,0,0,0
"Serping1",0.0118237273250895,0.00311508303457528,0,0,0.0108768239192011,0.00379564260229257,0.0652202859374403,0.00284741932691563,0.00355100521855727,0.721488339549967,0,0,0,0.0889157612078317,0.104833346746354,0,0
"Slc1a2",0.702253231165319,3.69343976141832,0.449834050135305,0.600407397491645,2.88863232802177,0.965446574879611,47.5939675676183,1.4826249857163,9.17120994160584,0.631984398297318,0.311622282486176,3.99646381545834,1.06490607209954,1.6211970596176,0.455401832390083,0.494449977151877,1.12285987990058
"P2ry12",0.0869663119163254,0.0449173095777577,0.0829573147046038,0.0265646530093821,0.0469775635366096,0.0674848353120254,0.142112933307904,0.0463535998604398,0.0203860328098946,0.09478313618441,5.754520304281,0.212906659956839,0,0,0,0.0643997939206594,0.0163493262442655
"Jun",0.044613084289871,0.0382903160143991,0.0125659476147214,0.170688921372922,0.0149669421047208,0.0156161897884156,0.0740642317397546,0.169429876331035,0.031731197469398,0.0323850976734546,0.0657894736842105,0.153751425154064,0.968399486503577,0.130104896517762,0,0,0
"Isg15",0.00230847098891271,0.00335586848810258,0.00131714925698293,0,0,0.00788208402301569,0,0,0,0.0484195847536412,0,0,0.110246290212334,0,0,0,0
"Tmem119",0.00193133121683792,0,0.00245174418008195,0.000968766953421685,0,0.00446169633694731,0,0,0,0.124007936507937,0.791672720740802,0,0,0,0,0,0
"Aldh1l1",0.0211447882946742,0.0407174410795639,0.00387166053928673,0.303130082722114,0.0105905436123328,0.0110638335193503,1.3673912827014,0.0146163093542392,0.0123021616878139,0.0456470931931055,0,0.0997655133955654,0.0575491541713066,0,0.283908600904733,0,0.648269554505626
"Apoe",0.0642320433324856,0.0458593814849429,0.0658134128513109,0.385954502656779,0.0450090055238948,0.0560909915007754,2.25119904587509,0.0769287082339835,0.0276508254529982,0.370597918298923,1.7008590051985,0.60349317241477,0.382701238389324,0.166072345332406,0.61599111626255,0.0566123373563013,0.336908381236171
"Tgfb1",0.00178905827637028,0.00221706385365605,0.000961282982099757,0,0.00197071517253611,0.00142608596446194,0,0,0,0.0488701227617484,1.10698102370618,0,0,0,0,0,0
"Tyrobp",0,0.0021045163427388,0.00204299691303166,0.000968766953421685,0.00408298375113139,0,0.0146553644496031,0,0,0.0474167362112131,0.444698627099243,0,0,0,0,0,0
"Bax",0.154659529321653,0.144872615514439,0.13509200565507,0.179370682207992,0.11384494784689,0.121606631237428,0.200707752415635,0.126020816587574,0.216781089861997,0.31778714751753,0.441849702821005,0.229198068390665,0.259192709160568,0.0736042014423869,0.808846809331161,0.170158132335051,0.0163493262442655
"Itgam",0.003967590484762,0.00569660509336873,0.0113857865791366,0.00472336633766739,0.00347935940224349,0.00133944118513756,0,0,0,0,3.29139285385154,0.0506040548542416,0,0,0,0,0
"Casp3",0.119325190940522,0.0668225098661453,0.0048380685625487,0.0305132940742696,0.043364241593484,0.0508130881227596,0.095809943358491,0.0563990304506474,0.0152508071489684,0.242153294635077,0.141169871592948,0.121788862703862,0,0.287660603621211,0.0804993569493886,0.0445335114673792,0
"Tubb3",0.545124318599457,0.429326099987739,0.433925958746455,0.613658492815733,0.465284460674636,0.438204460942072,0.0814377383533426,0.308155836397008,0.285309424687711,0.193045122154607,0.0663290247787271,0.27159564121436,0.0709416079624861,0.766081675250479,0.037312875927225,0.4732784338882,0.10278850768289
"Casp1",0.00143991048614605,0.00434606832599116,0,0,0,0,0,0,0,0,0.283833172999273,0,0,0,0,0,0
"Bace1",0.314649014082707,0.293325575400013,0.183268635572003,0.810034749537094,0.205213756310548,0.261942394471506,0.408752951463641,0.297030925861923,0.29137603478439,0.364140126854068,0.241773026230706,0.25835049662426,0.0727882741481791,0.184613593283499,0.511815589802891,0.157570731829933,0.583801233545756
"Cx3cr1",0.0420048456343935,0.0327368587400253,0.031021986401537,0.0274793378093742,0.0227611297526242,0.0461789069434923,0.0364560507372889,0.0625355436693648,0.0454958025836976,0.124774226270587,4.98147099078577,0.0245572330874336,0.228654978706948,0.126971228319663,0.696344071695549,0,0.390648910186265
"Arg1",0.000973568112528897,0,0,0.014146172399403,0,0,0,0.0042427605776264,0,0,0,0,0,0,0,0,0
"Gja1",0.00993013398176076,0.0126282565482208,0.0152689888009965,0.00190043976176087,0.00711333570447754,0.0100306250884704,2.1890214607027,0.0181112520290707,0.0104124095110012,0.842271523564931,0.0228733502596125,0.0652091377814589,0.0709416079624861,0,0,0,1.9734662004261
"S100b",0.0118396711113214,0.0480554113980697,0.0123163636400774,0.293157980037752,0.00184926425172481,0.0263533863661446,0.375260860500809,0.00649492778614541,0.0258766228542544,0,0,0.511467362111777,0,0,0,0,0.31082929255253
"Cd68",0.00254819451889669,0.00975656024295896,0.0314227799222632,0.0117731548523058,0.00249577465351161,0.00490196078431373,0,0.00458162438743682,0.00660977413740795,0,0.27697159583018,0,0,0,0,0,0.0481097672449461
"Dlg4",0.740784295011442,0.93709433346353,1.30395787083007,0.0706724297422906,0.934449168804143,0.934133158989526,0.612122730406185,1.1516229767076,1.0773326103285,0.376248990526739,0.165388457802407,0.520397235329541,0,0.51580744442101,0.906171093981282,1.16817719817704,0.698800794646744
"Ccl5",0.000978154867347528,0.00240670759032253,0,0,0,0,0.0099941634085694,0,0,0,0,0,0,0,0,0,0
"Ccl3",0,0,0,0,0.00187402784805382,0,0,0,0,0,0.20669634474066,0,0,0,0,0,0
"Ccl4",0,0,0,0.000968766953421685,0,0,0,0,0,0,0.520198105040548,0,0,0,0,0,0
"Stat3",0.512590711546632,0.306114998244184,0.290729659497401,1.15145288905733,0.4752234411756,0.508429856543712,2.03055328584689,0.394708598492193,0.35676139381909,2.71171082936892,1.71256492151677,1.22513574101346,2.41201711278729,0.507194477395577,0.596856256709094,0.677977020487567,1.03380779168765
"Gfap",0.00548805304451296,0.00186153805486399,0.00667817741199974,0.0191957001631635,0,0.00189361661837944,0.737254376955839,0,0,0,0.200120072043226,0,0,0,0,0,0
"Sox9",0.00440186664749364,0.017066911169152,0.0016024470006679,0,0.00360392986342888,0.00239877182882364,0.753204765499107,0.0116965484204513,0,0.15697607312955,0,0,0,0,0.447066201247011,0,1.45612352686325
"Rbfox3",2.16070472646566,4.37840573133323,5.51536722923833,0.221241051255445,1.97663035494189,3.29227558302202,0.115933941487317,4.631936923311,4.44062250788592,0.0822909809084924,0.400148117971837,0.240056215469132,0.164590052039315,2.5370405566205,0.037312875927225,3.9871393767608,0.790944365857159
"Fos",0.0628007162280544,0.0905004322313913,0.0379979057105953,0,0.0456318331453775,0.0409672938046908,0.0429309718623369,0.0348911502353671,0.0912523813441395,0.0842318059299191,0,0.0104859174129145,0,0,0.0691218756912188,0,0
"Clu",0.168424693520615,0.0844082116020261,0.0556115260474796,0.093601970147062,0.0494743100281803,0.131870517286877,1.15768329513463,0.0817029021815095,0.110785882828123,0.258445306928259,0.0698347508280647,0.0916828106259522,0,0.172035103408352,0.767953171287032,0.0452591083955646,1.34839975700111
"Slc1a3",0.0618782515693137,0.0386760603140171,0.105963842789883,1.68753064930016,0.0414469936784769,0.0245337128915199,15.1914141013554,0.311357983938124,0.0348338858345484,5.9180361379883,2.21246447261833,3.39641198994986,0.218797864181627,0.361349659335483,0,0.19556996805438,1.56154299220423
"App",6.67339794001832,5.94604152050044,5.87021756094947,15.0670029887958,6.79732873602154,6.98599311739195,1.96156317016708,5.67420842116597,5.26935279791678,8.38252356295144,4.07083203470499,3.77111606826563,17.351828855537,7.49027007561323,9.25183572057832,5.8702051598057,2.74124792524449
"Aif1",0.00300035201598556,0.00373033729323208,0.00283523861368173,0,0,0.00582575791909898,0.0132265684726223,0,0.00406711884894029,0,0.364669200250149,0,0,0,0,0,0
"Trem2",0.00311953350057985,0.000846880313115364,0,0,0.00320390135989276,0.000570834903129317,0,0.00412876972158467,0,0.0488701227617484,1.82695792974039,0,0,0,0,0,0.160929528959269
"C3",0.00320953576019646,0,0,0,0,0,0,0,0,0.0484195847536412,0.0392333797594994,0.0442012394027529,0,0,0,0,0
"Aqp4",0.0131576208308831,0.00187047703784675,0.0249668711308153,0.037398893896556,0.0171306615187826,0.00319468404574788,1.86835943302112,0.00356391888520617,0,0,0,0,0,0,0.0409721880787322,0,1.36694965564428
"Egr1",0.093914203005691,0.463090416188841,0.260828060001799,0.0443550141708774,0.104565353186689,0.212612705351311,0.0275354656797956,0.0830917325866581,0.674300810815608,0.0708616780045351,0.0082897431008613,0.0490780754863939,0.346898743930007,0.318714941356451,0.0621643127113587,0.0881370776949386,0.227842333105491
"Camk2a",2.24836462124844,8.00450321365836,5.45629689286903,0.267551248747982,4.0948355346959,4.98964134474001,0.301156816232377,11.1552844618903,5.11601014623637,0.464652376741142,0.80404020232578,0.210686466455536,0.421971761410457,3.88999589362268,0.0488548424919878,0.436719477494628,0.668052193200556
"Ifit3",0.00620633622673363,0.00231308856538546,0.00575218439202287,0,0.00205217953779992,0,0.0576720424936402,0.00238304435345981,0,0.258235585494288,0,0.0656647484688648,0.195086846879949,0,0,0,0
"Syp",0.896707106253432,0.926837571054847,0.44759483793463,0.310175287570877,0.834125119952897,0.823235998275848,0.156118576064303,0.914488305633028,0.842089649888077,0.399613814323445,0.599597943371285,0.267708374521837,0.72850984771185,2.03005868367849,0.0186564379636125,0.79141171420516,0.135487160171421
"Syn1",1.4236098649762,1.66042737579965,0.997751519486763,0.233021343110118,1.47084658358616,1.36494173333527,0.112642631222197,1.41233420244605,1.50584469501039,0.359238167584907,0.26685794642368,0.64375417246599,0.270025681830119,0.662847261688948,0.037312875927225,0.861874366756897,0.167247601172102
"Dcx",1.1873348645221,1.21670440983948,0.4272947986122,0.130164785653404,0.448419728385456,1.38282342404447,0.030716597582865,0.703798453383189,1.08491001126578,0.09478313618441,0.0114007535898123,1.01543923218585,0,1.08413705323422,0.102563713084891,0.433504799986848,0.0980959574655929
