"gene","celltype","n_S1","n_S2","mean_S1","mean_S2","sd_S1","sd_S2","sem_S1","sem_S2","delta","W_stat","p_value","p_adj","sig"
"Dcx","Excitatory neurons",1786,2414,0.404756411063394,0.624656105800257,0.52885029679271,0.622160214455661,0.0125138811261175,0.0126629124076065,0.219899694736862,2581851.5,2.30916718099109e-31,1.10840024687572e-29,"***"
"Slc1a2","Excitatory neurons",1786,2414,0.929490457996759,1.14672737013466,0.896025536955348,0.891465470895946,0.0212021381540792,0.0181441193282306,0.217236912137899,2458241,2.74334525448853e-15,4.54363957724639e-14,"***"
"Rbfox3","Excitatory neurons",1786,2414,1.4607240868385,1.59812379339141,0.663550620054704,0.665181823251863,0.0157012175863084,0.0135385371279967,0.137399706552916,2454378.5,1.47627056826483e-14,1.7715246819178e-13,"***"
"Dlg4","Excitatory neurons",1786,2414,0.579134066906346,0.449329009164642,0.528293191974602,0.492974688437249,0.0125006986744655,0.0100335816302713,-0.129805057741704,1862186,2.83977473577899e-15,4.54363957724639e-14,"***"
"Map2","Excitatory neurons",1786,2414,1.8839755688865,1.80412683708579,0.562643312174331,0.597109069310646,0.0133135058591341,0.0121530430053029,-0.0798487318007053,1986448.5,1.3208293366877e-05,0.00012679961632202,"***"
"Camk2a","Excitatory neurons",1786,2414,1.79283237779606,1.86442167453546,0.704061665736561,0.685874833657189,0.0166598072156079,0.0139597048145894,0.071589296739405,2282918,0.00105739084280098,0.00634434505680586,"**"
"Syn1","Excitatory neurons",1786,2414,0.692655806806664,0.748936264530837,0.568626830008497,0.585439608820758,0.0134550904083853,0.0119155328711058,0.0562804577241732,2274079.5,0.00197273712699436,0.0105212646773032,"*"
"Slc1a3","Excitatory neurons",1786,2414,0.0530089902438418,0.0902246086406916,0.248850473372986,0.326716629147774,0.00588840596451099,0.00664970848485774,0.0372156183968497,2222541,0.00018008495893694,0.00144067967149552,"**"
"Tubb3","Excitatory neurons",1786,2414,0.253642685900427,0.217047298153634,0.398124782123543,0.380116118916699,0.00942059828096916,0.00773655564390727,-0.0365953877467926,2048012,0.000639417784340852,0.00438457909262299,"**"
"Stat3","Excitatory neurons",1786,2414,0.215341303930895,0.186534163092377,0.382245739251188,0.360038186267675,0.00904486160065288,0.00732790671947732,-0.0288071408385181,2072477.5,0.00515541772294144,0.0247460050701189,"*"
"App","Excitatory neurons",1786,2414,1.81895089762944,1.79427038116366,0.557236284799101,0.569638059539183,0.0131855624728306,0.0115939217654646,-0.0246805164657755,2106593,0.206200079922824,0.41369881346817,"ns"
"Egr1","Excitatory neurons",1786,2414,0.163422670242591,0.14201734673367,0.388536929199223,0.348264028347262,0.0091937264185966,0.00708826566407817,-0.0214053235089212,2118667,0.145419694836693,0.345442261773032,"ns"
"Bace1","Excitatory neurons",1786,2414,0.155683592183785,0.141120218135662,0.312476444110691,0.308036421524845,0.00739395080238703,0.00626950765010651,-0.0145633740481228,2099799,0.0410775185423532,0.164310074169413,"ns"
"P2ry12","Excitatory neurons",1786,2414,0.0351388428569097,0.0459625410131899,0.160939212137128,0.184443581385032,0.00380821223213652,0.00375400557759444,0.0108236981562802,2182232.5,0.0939809168319237,0.322220286280881,"ns"
"Apoe","Excitatory neurons",1786,2414,0.0377853794468876,0.0481754520525637,0.184870487429579,0.201071286830468,0.00437448426795141,0.00409243155325612,0.0103900726056761,2184979.5,0.066612866290662,0.245955198611675,"ns"
"Aldh1l1","Excitatory neurons",1786,2414,0.0112012490732177,0.0200668808834676,0.0936031080904565,0.136001944874856,0.0022148766385929,0.00276806628775066,0.00886563181024987,2179903.5,0.0145286958996042,0.0633979457437276,"ns"
"Gja1","Excitatory neurons",1786,2414,0.00822845365970095,0.0134713881197449,0.0772365219859956,0.12419246567033,0.00182760350252077,0.00252770633339838,0.00524293446004395,2167865,0.137036611754888,0.345442261773032,"ns"
"Clu","Excitatory neurons",1786,2414,0.0494237793220065,0.0540892516886123,0.183279097674121,0.199000809109783,0.00433682812528515,0.00405029083546388,0.0046654723666058,2163611,0.659479993892465,0.791375992670959,"ns"
"Ptprc","Excitatory neurons",1786,2414,0.0102531693801977,0.00573822870442747,0.100717559013822,0.0640749289477734,0.00238322180862028,0.00130412584079995,-0.00451494067577019,2148710,0.307515009330981,0.461272513996472,"ns"
"Cd68","Excitatory neurons",1786,2414,0.00726175217506872,0.00294868018223168,0.0858407102680691,0.0455720678372323,0.00203119947287683,0.000927534564004977,-0.00431307199283704,2147387.5,0.115208440474326,0.325294420162804,"ns"
"Fos","Excitatory neurons",1786,2414,0.0338316288955614,0.0296790078764756,0.168275287257951,0.156275638922978,0.00398180156838346,0.00318069957085859,-0.00415262101908582,2144817,0.419655153054701,0.562040089446246,"ns"
"Bax","Excitatory neurons",1786,2414,0.088785592420743,0.0846534792920933,0.245428597703107,0.238547674332214,0.00580743608395895,0.00485519362203181,-0.00413211312864961,2141819,0.533627242438166,0.692273179379242,"ns"
"S100b","Excitatory neurons",1786,2414,0.0141871166395324,0.0101009759313073,0.0990702883545284,0.080683905665488,0.00234424338819022,0.00164217062809064,-0.00408614070822502,2145118.5,0.249943033137019,0.41369881346817,"ns"
"Atf3","Excitatory neurons",1786,2414,0.00324039266062403,0.000709553751122352,0.0650545189314439,0.0208629598585729,0.00153934775410354,0.000424626691187028,-0.00253083890950168,2151137,0.142397873999923,0.345442261773032,"ns"
"Trem2","Excitatory neurons",1786,2414,0.00160199239891007,0.00406221696888708,0.0336954518215457,0.056230565451683,0.000797316142475224,0.00114446843176532,0.00246022456997701,2162185,0.151130989525702,0.345442261773032,"ns"
"Cx3cr1","Excitatory neurons",1786,2414,0.0234317640317894,0.0209743560379683,0.139565510100597,0.131695502920826,0.00330245858477676,0.00268041668241542,-0.00245740799382111,2142767,0.259900071829011,0.414281319025243,"ns"
"Itgam","Excitatory neurons",1786,2414,0.00389445113084092,0.00168531952977984,0.0532171788118591,0.0325973971762003,0.00125924756695366,0.000663459307695095,-0.00220913160106108,2148670.5,0.109712141955849,0.325294420162804,"ns"
"Ptgs2","Excitatory neurons",1786,2414,0.0147495126403538,0.0168905544214029,0.104777310427644,0.120148335165991,0.00247928537689708,0.00244539558907317,0.00214104178104905,2156409,0.942205120181453,0.959014084473995,"ns"
"Vim","Excitatory neurons",1786,2414,0.00366728668674711,0.00163203560699297,0.0530964655896272,0.0334850065907739,0.00125639119923954,0.000681524944178691,-0.00203525107975414,2150190,0.169753757828475,0.370371835262127,"ns"
"Syp","Excitatory neurons",1786,2414,0.432899939016207,0.430898776674054,0.49457305076553,0.491557906608798,0.0117027983211797,0.0100047456748735,-0.00200116234215303,2151486.5,0.907618093671006,0.947079749917572,"ns"
"Casp1","Excitatory neurons",1786,2414,0.00081288473384338,0.00279581011426066,0.0248193991163443,0.0471766330487971,0.000587287200266687,0.000960192500424319,0.00198292538041728,2161326,0.102024979172285,0.325294420162804,"ns"
"Casp3","Excitatory neurons",1786,2414,0.0253686631770108,0.0269437343136934,0.148247142812143,0.142329599310569,0.00350788707823089,0.0028968539086935,0.0015750711366826,2160795,0.696947989755415,0.81593910995756,"ns"
"Sox9","Excitatory neurons",1786,2414,0.00530197793938596,0.00676782992024057,0.0559851364588124,0.0670250347710945,0.00132474416053821,0.00136416975033629,0.00146585198085461,2159323.5,0.597148146588225,0.754292395690389,"ns"
"Gfap","Excitatory neurons",1786,2414,0.00338903378570065,0.00201113849308403,0.0781387963674396,0.0511831359026521,0.00184895350349649,0.00104173740400447,-0.00137789529261662,2152926,0.419656576847017,0.562040089446246,"ns"
"Serping1","Excitatory neurons",1786,2414,0.00351061394030228,0.00230034337964064,0.0562872361921506,0.0440886168500941,0.0013318925731876,0.000897341682051664,-0.00121027056066164,2151105.5,0.267556685203803,0.414281319025243,"ns"
"Ifit3","Excitatory neurons",1786,2414,0.00168249903825067,0.000505834202361882,0.039740218132997,0.0180532548082341,0.000940349979300906,0.000367440377891861,-0.00117666483588879,2152659,0.231263554952425,0.41369881346817,"ns"
"Tgfb1","Excitatory neurons",1786,2414,0.000904576675127082,0.00205682811135211,0.0229204257452159,0.0392287602435169,0.000542352882989982,0.000798428352184601,0.00115225143622503,2158338.5,0.421530067084684,0.562040089446246,"ns"
"Tyrobp","Excitatory neurons",1786,2414,0.00157339509944029,0.00241186653768028,0.0281978123284503,0.0411599971197815,0.000667228653618599,0.000837735081921207,0.000838471438239989,2156513,0.839989090486823,0.895988363185944,"ns"
"Mrc1","Excitatory neurons",1786,2414,0.000660796096700752,0.00145784174089537,0.0213585316519177,0.0456034290052742,0.000505394679253207,0.00092817286217109,0.000797045644194615,2156861,0.648514701840813,0.791375992670959,"ns"
"Tmem119","Excitatory neurons",1786,2414,0.000696762824213913,0.00131918574832629,0.0174323837537068,0.0292590797611236,0.000412492494306481,0.000595514074242825,0.000622422924112377,2156553.5,0.77178086108338,0.84279621913083,"ns"
"Aqp4","Excitatory neurons",1786,2414,0.00771753867224552,0.00717212966894877,0.0700755284440053,0.0883676697810638,0.00165815702121439,0.00179855933584717,-0.00054540900329675,2149384,0.372134305518629,0.541286262572551,"ns"
"Isg15","Excitatory neurons",1786,2414,0.000967853211192531,0.00146905667753989,0.0236927778812475,0.0336863699196249,0.000560628608420067,0.000685623319703354,0.000501203466347356,2156550.5,0.772563200869927,0.84279621913083,"ns"
"Ccl5","Excitatory neurons",1786,2414,0.00044354023228949,0,0.0187444951028222,0,0.000443540232289497,0,-0.00044354023228949,2154495,0.245189999739175,0.41369881346817,"ns"
"Arg1","Excitatory neurons",1786,2414,0.000342723893645333,0,0.0144838864174603,0,0.000342723893645329,0,-0.000342723893645333,2154495,0.245189999739175,0.41369881346817,"ns"
"Jun","Excitatory neurons",1786,2414,0.0256904226905248,0.0254210613201076,0.145136319213296,0.140421944630586,0.00343427744435834,0.00285802715064097,-0.000269361370417158,2155055.5,0.959014084473995,0.959014084473995,"ns"
"Aif1","Excitatory neurons",1786,2414,0.00174548025250826,0.00200195124285232,0.0342524156688063,0.0362653867478656,0.000810495258414902,0.000738114403888684,0.000256470990344066,2156810,0.767010463409773,0.84279621913083,"ns"
"Ccl3","Excitatory neurons",1786,2414,0.000255124013990268,0,0.0107818197374523,0,0.000255124013990276,0,-0.000255124013990268,2154495,0.245189999739175,0.41369881346817,"ns"
"Ccl4","Excitatory neurons",1786,2414,0.000161450335015112,0,0.00682306765818817,0,0.00016145033501511,0,-0.000161450335015112,2154495,0.245189999739175,0.41369881346817,"ns"
"C3","Excitatory neurons",1786,2414,0,0,0,0,0,0,0,2155702,NA,NA,""
"Dcx","Inhibitory neurons",1542,773,0.620462191956205,0.707252651207961,0.588614114447254,0.647402138586133,0.0149895462000386,0.0232854364605646,0.0867904592517555,643471,0.00119461305430481,0.0280734067761631,"*"
"Map2","Inhibitory neurons",1542,773,2.09699481727176,2.01317334878468,0.543719201866833,0.592348849925722,0.0138462600474412,0.0213053072971874,-0.0838214684870886,551216,0.0031622091012389,0.0371559569395571,"*"
"Syn1","Inhibitory neurons",1542,773,0.697279047183941,0.638545525689766,0.603919503056602,0.607607557350867,0.0153793106043203,0.0218541248574669,-0.0587335214941757,563451,0.027333587469166,0.142742067894534,"ns"
"Dlg4","Inhibitory neurons",1542,773,0.437555333411967,0.383024706029467,0.510541310139684,0.507201099978013,0.0130013575405908,0.018242755595555,-0.0545306273825003,559907,0.00902539526224969,0.0605990824751051,"ns"
"Slc1a2","Inhibitory neurons",1542,773,0.366334348211395,0.420757295449411,0.54321549482266,0.605999888065523,0.0138334327301469,0.0217963010123446,0.0544229472380156,617026.5,0.108095978707007,0.305283637227615,"ns"
"Stat3","Inhibitory neurons",1542,773,0.286318934264988,0.233486209770416,0.465607795339045,0.435136141005808,0.0118570883504665,0.015650759179162,-0.0528327244945719,562239.5,0.00534608932422808,0.0418776997064533,"*"
"App","Inhibitory neurons",1542,773,1.91283036997186,1.96060908378451,0.54887058370262,0.595264763419792,0.0139774442547619,0.0214101854159699,0.047778713812652,634519,0.0110630611804189,0.0649954844349611,"ns"
"Camk2a","Inhibitory neurons",1542,773,1.0814777732559,1.12265177512653,0.731686513822294,0.725975318849692,0.0186330034120635,0.0261115173266662,0.0411740018706246,614598,0.217201295922127,0.392633111859229,"ns"
"Rbfox3","Inhibitory neurons",1542,773,1.00428904802763,1.0433977127652,0.665825934930291,0.711660764782754,0.0169558091929102,0.0255966586023578,0.0391086647375705,616441.5,0.174831154740165,0.371944860479956,"ns"
"Slc1a3","Inhibitory neurons",1542,773,0.0299637908874451,0.0639973353989949,0.178783972562643,0.28256225588309,0.00455288201688936,0.0101630579563557,0.0340335445115497,612022.5,0.00231756906877446,0.0363085820774665,"*"
"Syp","Inhibitory neurons",1542,773,0.490856076971793,0.45734720499691,0.525830866667671,0.537201074089305,0.0133907187678009,0.0193217796663013,-0.033508871974883,573379,0.110421741124882,0.305283637227615,"ns"
"P2ry12","Inhibitory neurons",1542,773,0.054207164771023,0.0223360931020588,0.20773061728863,0.139445972883555,0.00529003231248453,0.00501552303851345,-0.0318710716689642,571315,3.76511122332223e-05,0.00176960227496145,"**"
"Bax","Inhibitory neurons",1542,773,0.0986698341263814,0.0732485356599188,0.264865177207686,0.244516227347205,0.0067450112273714,0.00879463742258364,-0.0254212984664626,571720,0.00410530763264397,0.0385898917468534,"*"
"Bace1","Inhibitory neurons",1542,773,0.186528788015191,0.162451107708054,0.364190022161332,0.357718059939263,0.00927440071311701,0.0128662243435019,-0.0240776803071371,573910,0.0425516525997203,0.195708138084339,"ns"
"Egr1","Inhibitory neurons",1542,773,0.06923432420536,0.0898025018874632,0.245761279002858,0.294873223468608,0.00625851462847315,0.0106058526837668,0.0205681776821032,603367,0.314442531706765,0.476735451297354,"ns"
"Tubb3","Inhibitory neurons",1542,773,0.299690453981256,0.281689822333702,0.452234361923578,0.446380878084579,0.0115165227861791,0.0160552042607542,-0.0180006316475531,582224,0.277420289920182,0.443890230213115,"ns"
"Fos","Inhibitory neurons",1542,773,0.0301677586390465,0.0439301914801702,0.179675818826741,0.203322293434857,0.00457559362106418,0.00731299460198452,0.0137624328411237,605250,0.0637010925954779,0.213853667999104,"ns"
"Clu","Inhibitory neurons",1542,773,0.100376911213766,0.0885467428027168,0.277742349113214,0.263189046471153,0.00707293908106383,0.00946625204560588,-0.011830168411049,586011,0.24347796030901,0.408695147661552,"ns"
"Jun","Inhibitory neurons",1542,773,0.0227676681351312,0.0113740443721577,0.147188611233734,0.0980059927693013,0.00374827995804928,0.0035250305511317,-0.0113936237629735,588615,0.0584344267527492,0.211262927490709,"ns"
"Cx3cr1","Inhibitory neurons",1542,773,0.028389571163691,0.018577557942154,0.151894142989239,0.118406550941347,0.00386811022360641,0.00425878762847571,-0.00981201322153705,589302,0.148357245269348,0.350546718484887,"ns"
"Apoe","Inhibitory neurons",1542,773,0.0411251743925541,0.0353928101477584,0.18264358055255,0.182015507762991,0.00465117013275128,0.00654664278698339,-0.00573236424479573,588854.5,0.211941901995885,0.392633111859229,"ns"
"Vim","Inhibitory neurons",1542,773,0.00699504615480569,0.00201002340547646,0.0732959829040192,0.0403161410072587,0.00186654294392644,0.0014500708042298,-0.00498502274932923,591730.5,0.0579997290537359,0.211262927490709,"ns"
"Aldh1l1","Inhibitory neurons",1542,773,0.0117850845803265,0.016319998304689,0.101438723847352,0.136425818145058,0.00258322116351338,0.00490689562276543,0.00453491372436255,596778,0.801509148190498,0.918803169876912,"ns"
"S100b","Inhibitory neurons",1542,773,0.00999796849144704,0.00613085906845447,0.083657101800472,0.0668102589887497,0.00213039742272757,0.00240299799440563,-0.00386710942299257,592488,0.23955004518141,0.408695147661552,"ns"
"Casp1","Inhibitory neurons",1542,773,0.00157807736679908,0.00446453359747797,0.037839560728821,0.0646187864420327,0.000963615771032711,0.00232417620544291,0.00288645623067888,597908.5,0.182015570022106,0.371944860479956,"ns"
"Casp3","Inhibitory neurons",1542,773,0.0659185258668551,0.0685992040969748,0.229709265697719,0.241507443914969,0.00584973680759644,0.00868641900429432,0.00268067823011965,595158,0.909508378198545,0.994113808728642,"ns"
"Trem2","Inhibitory neurons",1542,773,0.0022109069873583,0,0.0377397790671969,0,0.000961074748331894,0,-0.0022109069873583,593664,0.0825998476209585,0.258812855879003,"ns"
"Aif1","Inhibitory neurons",1542,773,0.00209087763255404,0,0.0416991827037412,0,0.00106190424303457,0,-0.00209087763255404,594437,0.156627257195375,0.350546718484887,"ns"
"Itgam","Inhibitory neurons",1542,773,0.00303425089646153,0.000951023449564364,0.0502751847587743,0.0264411885143855,0.00128029924216955,0.000951023449564369,-0.00208322744689717,594435,0.283334189497733,0.443890230213115,"ns"
"Tyrobp","Inhibitory neurons",1542,773,0,0.00201729030488649,0,0.0399905971879593,0,0.00143836180688854,0.00201729030488649,597525,0.0458040323176113,0.195708138084339,"ns"
"Ptprc","Inhibitory neurons",1542,773,0.00495086571741233,0.00301720763425433,0.0732056021992972,0.0617983367140643,0.00186424132438357,0.00222273167967373,-0.001933658083158,594436,0.369387803342629,0.542538336159486,"ns"
"Gja1","Inhibitory neurons",1542,773,0.00643668203909487,0.00836628154135347,0.0714612359870751,0.082771491249114,0.00181981959325936,0.00297708361674032,0.0019295995022586,597134.5,0.644004465199645,0.812378877426067,"ns"
"Gfap","Inhibitory neurons",1542,773,0.00318685924977509,0.00137482878490181,0.048651959660034,0.0382241963573496,0.00123896246988797,0.00137482878490181,-0.00181203046487328,594052,0.210490482635489,0.392633111859229,"ns"
"C3","Inhibitory neurons",1542,773,0.00177749395584972,0,0.0351237825682694,0,0.000894456229649862,0,-0.00177749395584972,594437,0.156627257195375,0.350546718484887,"ns"
"Tmem119","Inhibitory neurons",1542,773,0.00167576462381265,0,0.0337996859978427,0,0.000860737013225086,0,-0.00167576462381265,594437,0.156627257195375,0.350546718484887,"ns"
"Cd68","Inhibitory neurons",1542,773,0.00180754354729826,0.00348235197206114,0.0410834532458488,0.0571263983176335,0.00104622418214363,0.00205469373510446,0.00167480842476289,597137,0.387811337141776,0.5523373589595,"ns"
"Mrc1","Inhibitory neurons",1542,773,0.000727663771134254,0.00182285836278781,0.0205444928274997,0.050680707849606,0.000523182534763636,0.0018228583627878,0.00109519459165355,595982,0.999577880772882,0.999577880772882,"ns"
"Sox9","Inhibitory neurons",1542,773,0.00263815230168234,0.0037293774506712,0.0433584468664094,0.0527102797586773,0.00110415877994411,0.00189585699055575,0.00109122514898886,596749,0.656816964727458,0.812378877426067,"ns"
"Ifit3","Inhibitory neurons",1542,773,0.00313316733411697,0.00225371475477405,0.0515142784855976,0.0445152789678009,0.00131185379074139,0.00160110329909132,-0.000879452579342919,595207,0.614944800536461,0.802844600700379,"ns"
"Ptgs2","Inhibitory neurons",1542,773,0.00255536954022128,0.00171731189874692,0.0504306328309253,0.0343878300172097,0.00128425785614435,0.00123684427832006,-0.000838057641474362,595975,0.995519868966238,0.999577880772882,"ns"
"Isg15","Inhibitory neurons",1542,773,0.00193601531864345,0.00137498919409836,0.0443897570576421,0.0382286561945991,0.00113042194859505,0.00137498919409836,-0.000561026124545085,595595,0.722471427752703,0.848903927609426,"ns"
"Ccl5","Inhibitory neurons",1542,773,0.000513681425112499,0,0.0201714003289719,0,0.000513681425112499,0,-0.000513681425112499,595596.5,0.479499753559817,0.64389966906604,"ns"
"Arg1","Inhibitory neurons",1542,773,0.0005120155496054,0,0.0201059842167489,0,0.000512015549605395,0,-0.0005120155496054,595596.5,0.479499753559817,0.64389966906604,"ns"
"Tgfb1","Inhibitory neurons",1542,773,0.0011954108119256,0.000822753902613185,0.0282855699791985,0.0228749260072469,0.000720315479345532,0.000822753902613185,-0.000372656909312412,595594,0.721784946658868,0.848903927609426,"ns"
"Serping1","Inhibitory neurons",1542,773,0.00630691356770637,0.00606030210387179,0.0734291875530588,0.0695457947683597,0.00186993511069892,0.00250138837773186,-0.000246611463834583,595591.5,0.868972415363415,0.972421512430488,"ns"
"Aqp4","Inhibitory neurons",1542,773,0.0055890643783756,0.00540799382746786,0.0793791145670511,0.0673446807898944,0.00202145493272501,0.00242221981057212,-0.000181070550907746,595979,0.998675124549622,0.999577880772882,"ns"
"Atf3","Inhibitory neurons",1542,773,0.00239251066236493,0.00233945116647044,0.0475977488338744,0.0494055655329502,0.00121211611759121,0.00177699468143279,-5.30594958944907e-05,595979,0.997909263590507,0.999577880772882,"ns"
"Ccl3","Inhibitory neurons",1542,773,0,0,0,0,0,0,0,595983,NA,NA,""
"Ccl4","Inhibitory neurons",1542,773,0,0,0,0,0,0,0,595983,NA,NA,""
"P2ry12","Microglia",84,113,1.20772256366149,2.0399430742421,1.30415428796332,1.32583753895353,0.142294898630789,0.124724304097993,0.832220510580602,6363.5,2.74088482460053e-05,0.0010415362333482,"**"
"Ptprc","Microglia",84,113,1.46604986216544,1.13231869331298,1.2279648130458,1.25277403363492,0.133981945393445,0.117851067680947,-0.333731168852464,4101,0.0857227264971737,0.321717465139266,"ns"
"Itgam","Microglia",84,113,0.790251598707879,1.09442038165709,1.1328628133453,1.21898091545789,0.123605466527511,0.114672078533258,0.304168782949211,5384,0.0709657388373919,0.321717465139266,"ns"
"Cx3cr1","Microglia",84,113,1.16577295295542,1.38254593390645,1.2037239013642,1.26089311544835,0.131337045091167,0.118614846650347,0.216772980951036,5313.5,0.131982148441324,0.385793972366947,"ns"
"Apoe","Microglia",84,113,0.311706743908878,0.114394529683099,0.789311130997412,0.575368271098177,0.0861209048730201,0.0541260939627846,-0.197312214225779,4287,0.0173657989258511,0.219966786394114,"ns"
"Trem2","Microglia",84,113,0.535147704808143,0.341364104076767,0.933887580028575,0.799601561461799,0.101895488715716,0.0752201875259224,-0.193783600731376,4289,0.100702278622914,0.321717465139266,"ns"
"Ccl4","Microglia",84,113,0.143596602797558,0,0.531637545522781,0,0.0580064117771113,0,-0.143596602797558,4407,0.00406231668379264,0.0771840169920601,"ns"
"Syp","Microglia",84,113,0.168235633190507,0.081779436267084,0.557902490487685,0.43226604653091,0.0608721522158142,0.0406641690665303,-0.086456196923423,4473,0.0967013639138836,0.321717465139266,"ns"
"Cd68","Microglia",84,113,0.0941730639821462,0.0165984051763853,0.428850197284562,0.176443467283825,0.0467913926393632,0.0165984051763853,-0.0775746588057609,4562,0.0887743676026022,0.321717465139266,"ns"
"Atf3","Microglia",84,113,0.0660885004132822,0,0.356618135678791,0,0.0389102285938593,0,-0.0660885004132822,4576.5,0.0440924690584416,0.321717465139266,"ns"
"Tgfb1","Microglia",84,113,0.391115287781412,0.454603942656845,0.792168470655638,0.868182582026815,0.086432666188973,0.0816717472479779,0.0634886548754331,4889,0.615129997373105,0.99460478023998,"ns"
"Slc1a3","Microglia",84,113,0.545517922125957,0.596450871666713,1.00953031018368,1.02183228715683,0.110148787208785,0.0961258956516575,0.0509329495407564,4869,0.685574483674784,0.99460478023998,"ns"
"Slc1a2","Microglia",84,113,0.0930655076214257,0.142325776717353,0.437227661356683,0.519447936217462,0.0477054489070362,0.0488655513638558,0.0492602690959273,4856,0.504470763915945,0.958494451440296,"ns"
"Tubb3","Microglia",84,113,0.0481433161310793,0,0.264922380205306,0,0.0289054014423497,0,-0.0481433161310793,4576.5,0.0440924690584416,0.321717465139266,"ns"
"Dlg4","Microglia",84,113,0.0344303789030491,0.0782752179496417,0.224647872211241,0.411621500119683,0.0245110923599709,0.0387220935037947,0.0438448390465926,4805,0.619496404262688,0.99460478023998,"ns"
"Ccl3","Microglia",84,113,0.0430348561775221,0,0.277259852041245,0,0.030251529979792,0,-0.0430348561775221,4633,0.101594988991347,0.321717465139266,"ns"
"Casp1","Microglia",84,113,0.0785276804980328,0.0377331065141997,0.41256265144816,0.282821980184233,0.0450142756945923,0.026605653879688,-0.0407945739838332,4659.5,0.425090995363484,0.850181990726967,"ns"
"Tyrobp","Microglia",84,113,0.14947021398381,0.187520999674457,0.506989435669717,0.606385005110913,0.055317082511891,0.057043902858273,0.0380507856906469,4796.5,0.795312158763152,0.99460478023998,"ns"
"Gja1","Microglia",84,113,0.033009545638393,0,0.215654979230205,0,0.0235298872932511,0,-0.033009545638393,4633,0.101594988991347,0.321717465139266,"ns"
"Stat3","Microglia",84,113,0.491840064794831,0.519506868853197,0.891190463663595,0.969302256844188,0.0972368513895528,0.0911842860784645,0.0276668040583661,4743.5,0.99460478023998,0.99460478023998,"ns"
"Casp3","Microglia",84,113,0.0463339462527842,0.0186762031200328,0.298527970865884,0.198530762394199,0.0325720719893925,0.0186762031200328,-0.0276577431327514,4676,0.407716936986631,0.850181990726967,"ns"
"Aif1","Microglia",84,113,0.136121561850477,0.160435578673755,0.494805635073804,0.585725085327645,0.053987720881343,0.0551003810903479,0.0243140168232786,4764,0.920920545867894,0.99460478023998,"ns"
"Map2","Microglia",84,113,0.212161824718279,0.234236981461183,0.633276848597788,0.694263863698998,0.0690961689181536,0.0653108504746273,0.0220751567429045,4760.5,0.947343856626633,0.99460478023998,"ns"
"Bax","Microglia",84,113,0.122183406151949,0.143192553194822,0.497123810895757,0.563251700732846,0.0542406545998743,0.0529862629031941,0.0210091470428721,4766,0.905382425309609,0.99460478023998,"ns"
"Mrc1","Microglia",84,113,0.1568562096538,0.136366232369668,0.722310212498663,0.659968517246487,0.0788105053336848,0.062084615664995,-0.0204899772841323,4729,0.908254181948693,0.99460478023998,"ns"
"Bace1","Microglia",84,113,0.0545964877894784,0.0738541654867005,0.351868973576664,0.389167552965039,0.0383920525267019,0.0366098038371991,0.019257677697222,4799,0.655861257807914,0.99460478023998,"ns"
"Syn1","Microglia",84,113,0.0791469024729071,0.0982393733552368,0.358501040580695,0.459623327375818,0.0391156703614636,0.0432377255658338,0.0190924708823296,4740,0.969357891462146,0.99460478023998,"ns"
"C3","Microglia",84,113,0.0184919874124024,0,0.16948186413501,0,0.0184919874124024,0,-0.0184919874124024,4689.5,0.25031694487956,0.679431707530235,"ns"
"Aldh1l1","Microglia",84,113,0,0.018383578514063,0,0.195420120164345,0,0.018383578514063,0.018383578514063,4788,0.39425804520316,0.850181990726967,"ns"
"Fos","Microglia",84,113,0,0.0175024388517155,0,0.186053477072207,0,0.0175024388517154,0.0175024388517155,4788,0.39425804520316,0.850181990726967,"ns"
"Serping1","Microglia",84,113,0,0.0169426654941435,0,0.180103004659133,0,0.0169426654941435,0.0169426654941435,4788,0.39425804520316,0.850181990726967,"ns"
"App","Microglia",84,113,0.800096241360502,0.815308044798896,1.06935286540937,1.12951648785634,0.116675963103723,0.10625597313098,0.0152118034383941,4848,0.766287184972511,0.99460478023998,"ns"
"Dcx","Microglia",84,113,0.0379309777491684,0.0530970910824056,0.278371626205063,0.323277476672077,0.0303728344860156,0.0304113868583815,0.0151661133332371,4759,0.907705522118784,0.99460478023998,"ns"
"Rbfox3","Microglia",84,113,0.0466704015130746,0.0369632612499052,0.311016074684033,0.276597003087524,0.0339346358235148,0.0260200572936796,-0.00970714026316941,4717,0.768167749302213,0.99460478023998,"ns"
"Camk2a","Microglia",84,113,0.18813562546739,0.197309037328076,0.610732475841125,0.640215167205465,0.0666363761883273,0.0602263768045875,0.00917341186068554,4720,0.897426990380963,0.99460478023998,"ns"
"Tmem119","Microglia",84,113,0.233784118358834,0.224741681657724,0.687526870550538,0.660403932474862,0.0750153315860463,0.0621255760841694,-0.00904243670110966,4738.5,0.973657575443102,0.99460478023998,"ns"
"Clu","Microglia",84,113,0.0282546241584572,0.0370760001913294,0.195108082611455,0.278427802860321,0.0212880370777307,0.0261922844488898,0.00882137603287222,4719,0.784018055587576,0.99460478023998,"ns"
"Jun","Microglia",84,113,0.0235833508198403,0.0187556108731645,0.216144980545234,0.19937487838865,0.0235833508198403,0.0187556108731645,-0.00482773994667581,4732,0.844249840794544,0.99460478023998,"ns"
"Ccl5","Microglia",84,113,0,0,0,0,0,0,0,4746,NA,NA,""
"Gfap","Microglia",84,113,0,0,0,0,0,0,0,4746,NA,NA,""
"Vim","Microglia",84,113,0,0,0,0,0,0,0,4746,NA,NA,""
"S100b","Microglia",84,113,0,0,0,0,0,0,0,4746,NA,NA,""
"Ptgs2","Microglia",84,113,0,0,0,0,0,0,0,4746,NA,NA,""
"Arg1","Microglia",84,113,0,0,0,0,0,0,0,4746,NA,NA,""
"Egr1","Microglia",84,113,0,0,0,0,0,0,0,4746,NA,NA,""
"Ifit3","Microglia",84,113,0,0,0,0,0,0,0,4746,NA,NA,""
"Isg15","Microglia",84,113,0,0,0,0,0,0,0,4746,NA,NA,""
"Sox9","Microglia",84,113,0,0,0,0,0,0,0,4746,NA,NA,""
"Aqp4","Microglia",84,113,0,0,0,0,0,0,0,4746,NA,NA,""
"Slc1a2","Astrocytes",282,305,2.85908139058735,3.46573527046456,1.66470462314829,1.71890069996125,0.0991317177046557,0.0984239677648752,0.606653879877209,56617.5,2.80844486306822e-11,6.03815645559667e-10,"***"
"Slc1a3","Astrocytes",282,305,2.22615140408965,2.80608395657545,1.20758714374681,1.16884473137416,0.0719107679362863,0.0669278546256383,0.579932552485802,57694,7.77542197163929e-13,3.34343144780489e-11,"***"
"Apoe","Astrocytes",282,305,0.634924938402755,0.8724135431681,0.861722170805325,0.97683143389581,0.0513148085181397,0.0559332051954168,0.237488604765345,48893,0.00144760655028827,0.0155617704155989,"*"
"Stat3","Astrocytes",282,305,0.61448987100732,0.448317321471878,0.942121262382312,0.79488509770816,0.0561025047491068,0.0455149882918609,-0.166172549535441,39595,0.0377304199713513,0.260475334825574,"ns"
"Egr1","Astrocytes",282,305,0.0148846066033248,0.131778982465787,0.176598619049263,0.573077381100798,0.0105162947271181,0.0328143153851271,0.116894375862463,45098,0.000885423415046667,0.0126910689490022,"*"
"Clu","Astrocytes",282,305,0.365512359541087,0.477700116417026,0.695706602804316,0.802167207839784,0.0414287253098587,0.0459319607050267,0.112187756875939,45620,0.0949599190110511,0.351187058874724,"ns"
"Aldh1l1","Astrocytes",282,305,0.391594495647438,0.495936373735748,0.714141921633923,0.804183761383552,0.0425265325704378,0.0460474282250483,0.104341878088309,45662.5,0.0966469169543694,0.351187058874724,"ns"
"Dlg4","Astrocytes",282,305,0.236791437813583,0.325482788085689,0.56103684266166,0.667702358565812,0.0334092577958154,0.0382325258332225,0.0886913502721068,45122,0.124239585057051,0.410946319804092,"ns"
"Gja1","Astrocytes",282,305,0.674986221954209,0.762785142803963,0.898763144462337,0.943490703582905,0.0535205664003567,0.0540241205312191,0.0877989208497536,44914.5,0.293735920619794,0.586238101468796,"ns"
"Gfap","Astrocytes",282,305,0.199927767278031,0.118857650916305,0.57691547817373,0.478629032894039,0.0343548167804121,0.0274062186989384,-0.0810701163617262,40951,0.042402961483233,0.260475334825574,"ns"
"Map2","Astrocytes",282,305,1.33371253747618,1.40249805564583,1.08050270255232,1.12014304617612,0.0643429995923022,0.0641392042433711,0.0687855181696502,45091.5,0.298409322668362,0.586238101468796,"ns"
"Dcx","Astrocytes",282,305,0.0108015796824857,0.0727367015402673,0.128127411828444,0.353679050444527,0.00762987634141631,0.0202516035166247,0.0619351218577815,44540,0.00624734614414528,0.0537271768396494,"ns"
"S100b","Astrocytes",282,305,0.10326773418229,0.164459292131083,0.385930439001071,0.474929526166402,0.0229818232019651,0.0271943855599356,0.0611915579487922,44804,0.0805759155196155,0.351187058874724,"ns"
"Bace1","Astrocytes",282,305,0.16176881663515,0.110788057322881,0.480211373630317,0.42408496755826,0.0285961711569326,0.0242830346031411,-0.0509807593122691,41360,0.0980056908487601,0.351187058874724,"ns"
"Bax","Astrocytes",282,305,0.0956825719729849,0.0460143520097975,0.385167909313523,0.270138156279415,0.0229364152198665,0.0154680658320212,-0.0496682199631874,41681,0.070533028165087,0.351187058874724,"ns"
"Serping1","Astrocytes",282,305,0.0851957081281337,0.0458613684385183,0.39589138543962,0.283786930376689,0.0235749889303992,0.0162495923633738,-0.0393343396896154,42142.5,0.191905757024197,0.51574672200253,"ns"
"Aqp4","Astrocytes",282,305,0.513220516460234,0.474596686959803,0.802128094460044,0.835526910004033,0.0477660329149594,0.0478421316942722,-0.0386238295004316,41736,0.43667910345533,0.64748970512342,"ns"
"Syn1","Astrocytes",282,305,0.0812923440944053,0.0475349870677396,0.364696161763193,0.302549133634461,0.0217173403937016,0.0173239129967196,-0.0337573570266657,42015.5,0.143176768686551,0.439757218108693,"ns"
"P2ry12","Astrocytes",282,305,0.0387740404969129,0.0684258291708576,0.249696433279593,0.363929536641468,0.0148692062192507,0.0208385446488523,0.0296517886739447,43505,0.415265820258579,0.64748970512342,"ns"
"App","Astrocytes",282,305,0.781409337438595,0.757679564393882,1.05639097270098,1.02627240536473,0.0629071669744568,0.0587641869864129,-0.0237297730447137,42781.5,0.901681298424855,0.955738539298349,"ns"
"Syp","Astrocytes",282,305,0.0695868446372221,0.0481772134086299,0.338211214134743,0.263800732546919,0.0201401847138184,0.0151051860047144,-0.0214096312285923,42564,0.514341419002339,0.73722270057002,"ns"
"Ifit3","Astrocytes",282,305,0.0207504996636138,0.0402608518380914,0.174356675071225,0.264595679147473,0.0103827889060553,0.015150704514649,0.0195103521744777,43390,0.425228171550836,0.64748970512342,"ns"
"Rbfox3","Astrocytes",282,305,0.0424264277494469,0.0609319077821458,0.271722857294568,0.320683886405387,0.0161808606816298,0.0183623059197022,0.0185054800326988,43487,0.432274885469018,0.64748970512342,"ns"
"Camk2a","Astrocytes",282,305,0.120788884521546,0.134923664018213,0.446313647653402,0.471652632273728,0.026577590950182,0.0270067511614688,0.0141347794966673,43267.5,0.782044421769171,0.889172178898427,"ns"
"Ptprc","Astrocytes",282,305,0.00662308431160676,0.0188693127396397,0.111220498628714,0.193802996889703,0.00662308431160678,0.011097127320408,0.0122462284280329,43275,0.356899819546003,0.616941520764897,"ns"
"Fos","Astrocytes",282,305,0.0155487689448502,0.0260203029817108,0.150818758903683,0.202951197925869,0.00898112639582345,0.0116209517879357,0.0104715340368606,43253,0.54829388679302,0.760536681680641,"ns"
"Vim","Astrocytes",282,305,0.0394182965463154,0.0298534365266695,0.271261600580669,0.239264122058255,0.016153393244034,0.0137002237751627,-0.0095648600196459,42792,0.659439790851156,0.833997382547051,"ns"
"Tubb3","Astrocytes",282,305,0.0404836429052992,0.048780567968981,0.259819002166896,0.29025173223963,0.0154719964244489,0.0166197658412127,0.00829692506368181,43207,0.727860023550794,0.869388361463449,"ns"
"Tgfb1","Astrocytes",282,305,0.00662308431160676,0.0139681781378346,0.111220498628714,0.144892596659269,0.00662308431160678,0.00829652595015087,0.00734509382622783,43274,0.358686930677266,0.616941520764897,"ns"
"Itgam","Astrocytes",282,305,0,0.00709533814292662,0,0.0884480565637047,0,0.00506452098616761,0.00709533814292662,43287,0.174275799688218,0.499590625772893,"ns"
"C3","Astrocytes",282,305,0.00659533434434379,0,0.110754497434903,0,0.00659533434434381,0,-0.00659533434434379,42852.5,0.2999357728445,0.586238101468796,"ns"
"Tyrobp","Astrocytes",282,305,0.00653277502706691,0,0.109703947851953,0,0.00653277502706693,0,-0.00653277502706691,42852.5,0.2999357728445,0.586238101468796,"ns"
"Jun","Astrocytes",282,305,0.0340918172691553,0.028991924636623,0.215431329189228,0.205470582562603,0.0128287489642076,0.0117652113325847,-0.0050998926325323,42791.5,0.68399021972013,0.840330841370445,"ns"
"Aif1","Astrocytes",282,305,0.00499918749722664,0,0.0839506338769662,0,0.00499918749722663,0,-0.00499918749722664,42852.5,0.2999357728445,0.586238101468796,"ns"
"Casp3","Astrocytes",282,305,0.0578143358463968,0.0625189663222804,0.317536481821526,0.320622053988006,0.0189090223209268,0.0183587654057824,0.00470463047588358,43171,0.806458487838108,0.889172178898427,"ns"
"Cx3cr1","Astrocytes",282,305,0.0254570872966237,0.029786481439223,0.215408382274453,0.215276491638585,0.0128273824953182,0.0123266960529187,0.00432939414259937,43236,0.616429191849211,0.803225916652002,"ns"
"Ccl5","Astrocytes",282,305,0.00427504188817416,0,0.0717901612135783,0,0.00427504188817418,0,-0.00427504188817416,42852.5,0.2999357728445,0.586238101468796,"ns"
"Cd68","Astrocytes",282,305,0,0.0040760754253777,0,0.0711855969728231,0,0.00407607542537769,0.0040760754253777,43146,0.337988969860969,0.616941520764897,"ns"
"Sox9","Astrocytes",282,305,0.244087121418389,0.240275451991679,0.594975640346147,0.612204062871005,0.0354302837871598,0.035054702666012,-0.00381166942670988,42663,0.786800929338604,0.889172178898427,"ns"
"Mrc1","Astrocytes",282,305,0.00993563562611518,0.00653246353231684,0.166847694599506,0.114084570995906,0.00993563562611519,0.00653246353231682,-0.00340317209379834,42993,0.955738539298349,0.955738539298349,"ns"
"Trem2","Astrocytes",282,305,0.00662308431160678,0.00392759682331881,0.111220498628715,0.068592529666108,0.0066230843116068,0.0039275968233188,-0.00269548748828797,42993,0.955738539298349,0.955738539298349,"ns"
"Tmem119","Astrocytes",282,305,0.009576649725584,0.0070077325353021,0.160819296200926,0.0872244641482142,0.00957664972558406,0.00499445828826871,-0.0025689171902819,43133.5,0.61367791302929,0.803225916652002,"ns"
"Isg15","Astrocytes",282,305,0.00659533434434379,0.00460996596256201,0.110754497434903,0.0805095943579024,0.00659533434434381,0.00460996596256202,-0.00198536838178177,42993,0.955738539298349,0.955738539298349,"ns"
"Ccl3","Astrocytes",282,305,0,0,0,0,0,0,0,43005,NA,NA,""
"Ccl4","Astrocytes",282,305,0,0,0,0,0,0,0,43005,NA,NA,""
"Casp1","Astrocytes",282,305,0,0,0,0,0,0,0,43005,NA,NA,""
"Ptgs2","Astrocytes",282,305,0,0,0,0,0,0,0,43005,NA,NA,""
"Arg1","Astrocytes",282,305,0,0,0,0,0,0,0,43005,NA,NA,""
"Atf3","Astrocytes",282,305,0,0,0,0,0,0,0,43005,NA,NA,""
