"gene","celltype","sample","mean_logexpr","pct_expr"
"Cldn5","Astrocytes","Sample1",0,0
"Ocln","Astrocytes","Sample1",0.0644,0.039
"Tjp1","Astrocytes","Sample1",1.4664,0.6809
"Jam2","Astrocytes","Sample1",0.4381,0.2624
"Cgn","Astrocytes","Sample1",0,0
"Esam","Astrocytes","Sample1",0.0058,0.0035
"Mfsd2a","Astrocytes","Sample1",0.0333,0.0248
"Plvap","Astrocytes","Sample1",0.0095,0.0071
"Cav1","Astrocytes","Sample1",0.0399,0.0177
"Slc2a1","Astrocytes","Sample1",0.0644,0.0426
"Abcb1a","Astrocytes","Sample1",0.0533,0.0284
"Abcg2","Astrocytes","Sample1",0.0992,0.0532
"Slco1a4","Astrocytes","Sample1",0.0392,0.0177
"Vcam1","Astrocytes","Sample1",0.1187,0.0709
"Icam1","Astrocytes","Sample1",0.0185,0.0071
"Vwf","Astrocytes","Sample1",0,0
"Angpt2","Astrocytes","Sample1",0.038,0.0213
"Pdgfrb","Astrocytes","Sample1",0.4083,0.227
"Rgs5","Astrocytes","Sample1",0,0
"Kcnj8","Astrocytes","Sample1",0,0
"Anpep","Astrocytes","Sample1",0.0806,0.0426
"Vtn","Astrocytes","Sample1",0.0944,0.039
"Notch3","Astrocytes","Sample1",0.1765,0.1099
"Aqp4","Astrocytes","Sample1",0.5132,0.3085
"Gja1","Astrocytes","Sample1",0.675,0.3794
"Cldn5","Choroid plexus","Sample1",0,0
"Ocln","Choroid plexus","Sample1",0.4429,0.3409
"Tjp1","Choroid plexus","Sample1",0.4563,0.3409
"Jam2","Choroid plexus","Sample1",0.037,0.0227
"Cgn","Choroid plexus","Sample1",0.195,0.1591
"Esam","Choroid plexus","Sample1",0,0
"Mfsd2a","Choroid plexus","Sample1",0,0
"Plvap","Choroid plexus","Sample1",0.0262,0.0227
"Cav1","Choroid plexus","Sample1",0,0
"Slc2a1","Choroid plexus","Sample1",0.1345,0.1136
"Abcb1a","Choroid plexus","Sample1",0,0
"Abcg2","Choroid plexus","Sample1",0.0459,0.0227
"Slco1a4","Choroid plexus","Sample1",1.301,0.7273
"Vcam1","Choroid plexus","Sample1",0.3437,0.25
"Icam1","Choroid plexus","Sample1",0,0
"Vwf","Choroid plexus","Sample1",0,0
"Angpt2","Choroid plexus","Sample1",0,0
"Pdgfrb","Choroid plexus","Sample1",0,0
"Rgs5","Choroid plexus","Sample1",0,0
"Kcnj8","Choroid plexus","Sample1",0,0
"Anpep","Choroid plexus","Sample1",0,0
"Vtn","Choroid plexus","Sample1",0,0
"Notch3","Choroid plexus","Sample1",0.0516,0.0455
"Aqp4","Choroid plexus","Sample1",0.0234,0.0227
"Gja1","Choroid plexus","Sample1",0,0
"Cldn5","Endothelial","Sample1",0.3483,0.1579
"Ocln","Endothelial","Sample1",0.4591,0.2281
"Tjp1","Endothelial","Sample1",2.3701,0.7544
"Jam2","Endothelial","Sample1",0.5724,0.2807
"Cgn","Endothelial","Sample1",0,0
"Esam","Endothelial","Sample1",0.4036,0.193
"Mfsd2a","Endothelial","Sample1",0.1217,0.0526
"Plvap","Endothelial","Sample1",0,0
"Cav1","Endothelial","Sample1",0.594,0.2456
"Slc2a1","Endothelial","Sample1",1.3131,0.5088
"Abcb1a","Endothelial","Sample1",1.9448,0.6842
"Abcg2","Endothelial","Sample1",1.5636,0.5789
"Slco1a4","Endothelial","Sample1",3.1045,0.8421
"Vcam1","Endothelial","Sample1",0.3049,0.1053
"Icam1","Endothelial","Sample1",0.0481,0.0175
"Vwf","Endothelial","Sample1",1.2717,0.4561
"Angpt2","Endothelial","Sample1",0.0637,0.0351
"Pdgfrb","Endothelial","Sample1",0.1349,0.0526
"Rgs5","Endothelial","Sample1",0.3467,0.1228
"Kcnj8","Endothelial","Sample1",0.0655,0.0351
"Anpep","Endothelial","Sample1",0.0316,0.0175
"Vtn","Endothelial","Sample1",0.1126,0.0526
"Notch3","Endothelial","Sample1",0.1139,0.0526
"Aqp4","Endothelial","Sample1",0,0
"Gja1","Endothelial","Sample1",0,0
"Cldn5","Ependymal","Sample1",0,0
"Ocln","Ependymal","Sample1",0.324,0.1905
"Tjp1","Ependymal","Sample1",0.7112,0.381
"Jam2","Ependymal","Sample1",0.0141,0.0476
"Cgn","Ependymal","Sample1",0,0
"Esam","Ependymal","Sample1",0,0
"Mfsd2a","Ependymal","Sample1",0,0
"Plvap","Ependymal","Sample1",0,0
"Cav1","Ependymal","Sample1",0,0
"Slc2a1","Ependymal","Sample1",0.0756,0.0476
"Abcb1a","Ependymal","Sample1",0,0
"Abcg2","Ependymal","Sample1",0.1463,0.0952
"Slco1a4","Ependymal","Sample1",0,0
"Vcam1","Ependymal","Sample1",0,0
"Icam1","Ependymal","Sample1",0,0
"Vwf","Ependymal","Sample1",0.0674,0.0476
"Angpt2","Ependymal","Sample1",0,0
"Pdgfrb","Ependymal","Sample1",0,0
"Rgs5","Ependymal","Sample1",0,0
"Kcnj8","Ependymal","Sample1",0,0
"Anpep","Ependymal","Sample1",0,0
"Vtn","Ependymal","Sample1",0,0
"Notch3","Ependymal","Sample1",0,0
"Aqp4","Ependymal","Sample1",0.4375,0.2381
"Gja1","Ependymal","Sample1",0.6526,0.381
"Cldn5","Excitatory neurons","Sample1",3e-04,6e-04
"Ocln","Excitatory neurons","Sample1",0.0221,0.0291
"Tjp1","Excitatory neurons","Sample1",1.4737,0.925
"Jam2","Excitatory neurons","Sample1",0.0628,0.0812
"Cgn","Excitatory neurons","Sample1",0.0229,0.0325
"Esam","Excitatory neurons","Sample1",0.0105,0.0146
"Mfsd2a","Excitatory neurons","Sample1",0.0059,0.0078
"Plvap","Excitatory neurons","Sample1",0.0296,0.0442
"Cav1","Excitatory neurons","Sample1",0.0048,0.0062
"Slc2a1","Excitatory neurons","Sample1",0.0281,0.0426
"Abcb1a","Excitatory neurons","Sample1",0.0027,0.0039
"Abcg2","Excitatory neurons","Sample1",0.0431,0.0638
"Slco1a4","Excitatory neurons","Sample1",0.0062,0.0084
"Vcam1","Excitatory neurons","Sample1",0.0056,0.0084
"Icam1","Excitatory neurons","Sample1",0.0012,0.0011
"Vwf","Excitatory neurons","Sample1",0.0014,0.0022
"Angpt2","Excitatory neurons","Sample1",0.0312,0.0454
"Pdgfrb","Excitatory neurons","Sample1",0.009,0.0118
"Rgs5","Excitatory neurons","Sample1",0.0045,0.0067
"Kcnj8","Excitatory neurons","Sample1",3e-04,6e-04
"Anpep","Excitatory neurons","Sample1",5e-04,6e-04
"Vtn","Excitatory neurons","Sample1",0.0052,0.0095
"Notch3","Excitatory neurons","Sample1",0.0163,0.0263
"Aqp4","Excitatory neurons","Sample1",0.0077,0.0129
"Gja1","Excitatory neurons","Sample1",0.0082,0.0118
"Cldn5","Inhibitory neurons","Sample1",0.0011,0.0013
"Ocln","Inhibitory neurons","Sample1",0.0098,0.0143
"Tjp1","Inhibitory neurons","Sample1",1.3958,0.9144
"Jam2","Inhibitory neurons","Sample1",0.0372,0.0447
"Cgn","Inhibitory neurons","Sample1",0.1056,0.1284
"Esam","Inhibitory neurons","Sample1",0.0056,0.0065
"Mfsd2a","Inhibitory neurons","Sample1",0.0025,0.0032
"Plvap","Inhibitory neurons","Sample1",0.0591,0.0785
"Cav1","Inhibitory neurons","Sample1",0.0051,0.0071
"Slc2a1","Inhibitory neurons","Sample1",0.0361,0.0486
"Abcb1a","Inhibitory neurons","Sample1",0.0051,0.0071
"Abcg2","Inhibitory neurons","Sample1",0.044,0.0551
"Slco1a4","Inhibitory neurons","Sample1",0.0074,0.0071
"Vcam1","Inhibitory neurons","Sample1",0.0022,0.0032
"Icam1","Inhibitory neurons","Sample1",6e-04,6e-04
"Vwf","Inhibitory neurons","Sample1",0.0018,0.0026
"Angpt2","Inhibitory neurons","Sample1",0.0295,0.0383
"Pdgfrb","Inhibitory neurons","Sample1",0.0076,0.0084
"Rgs5","Inhibitory neurons","Sample1",0.0014,0.0019
"Kcnj8","Inhibitory neurons","Sample1",0,0
"Anpep","Inhibitory neurons","Sample1",4e-04,6e-04
"Vtn","Inhibitory neurons","Sample1",0.0044,0.0065
"Notch3","Inhibitory neurons","Sample1",0.0271,0.035
"Aqp4","Inhibitory neurons","Sample1",0.0056,0.0065
"Gja1","Inhibitory neurons","Sample1",0.0064,0.0084
"Cldn5","Microglia","Sample1",0,0
"Ocln","Microglia","Sample1",0.0209,0.0119
"Tjp1","Microglia","Sample1",0.4246,0.2024
"Jam2","Microglia","Sample1",0.1621,0.0833
"Cgn","Microglia","Sample1",0,0
"Esam","Microglia","Sample1",0,0
"Mfsd2a","Microglia","Sample1",0.0239,0.0119
"Plvap","Microglia","Sample1",0,0
"Cav1","Microglia","Sample1",0,0
"Slc2a1","Microglia","Sample1",0.0603,0.0357
"Abcb1a","Microglia","Sample1",0.0193,0.0119
"Abcg2","Microglia","Sample1",0.3302,0.1548
"Slco1a4","Microglia","Sample1",0.0193,0.0119
"Vcam1","Microglia","Sample1",0.0343,0.0119
"Icam1","Microglia","Sample1",0.0561,0.0238
"Vwf","Microglia","Sample1",0,0
"Angpt2","Microglia","Sample1",0.0236,0.0119
"Pdgfrb","Microglia","Sample1",0.0576,0.0238
"Rgs5","Microglia","Sample1",0.0263,0.0119
"Kcnj8","Microglia","Sample1",0,0
"Anpep","Microglia","Sample1",0,0
"Vtn","Microglia","Sample1",0,0
"Notch3","Microglia","Sample1",0,0
"Aqp4","Microglia","Sample1",0,0
"Gja1","Microglia","Sample1",0.033,0.0238
"Cldn5","Oligodendrocytes","Sample1",0.0034,0.0028
"Ocln","Oligodendrocytes","Sample1",0.0056,0.0055
"Tjp1","Oligodendrocytes","Sample1",1.045,0.5152
"Jam2","Oligodendrocytes","Sample1",0.0362,0.0277
"Cgn","Oligodendrocytes","Sample1",0.0036,0.0028
"Esam","Oligodendrocytes","Sample1",0,0
"Mfsd2a","Oligodendrocytes","Sample1",0.0048,0.0028
"Plvap","Oligodendrocytes","Sample1",0.0136,0.0083
"Cav1","Oligodendrocytes","Sample1",0.0028,0.0028
"Slc2a1","Oligodendrocytes","Sample1",0.1372,0.0776
"Abcb1a","Oligodendrocytes","Sample1",0,0
"Abcg2","Oligodendrocytes","Sample1",0.0235,0.0139
"Slco1a4","Oligodendrocytes","Sample1",0.0043,0.0028
"Vcam1","Oligodendrocytes","Sample1",0.0051,0.0055
"Icam1","Oligodendrocytes","Sample1",0.0035,0.0028
"Vwf","Oligodendrocytes","Sample1",0.0042,0.0028
"Angpt2","Oligodendrocytes","Sample1",0.0038,0.0028
"Pdgfrb","Oligodendrocytes","Sample1",0.016,0.0111
"Rgs5","Oligodendrocytes","Sample1",0.0033,0.0028
"Kcnj8","Oligodendrocytes","Sample1",0.0033,0.0028
"Anpep","Oligodendrocytes","Sample1",0,0
"Vtn","Oligodendrocytes","Sample1",0.0034,0.0028
"Notch3","Oligodendrocytes","Sample1",0.0332,0.0277
"Aqp4","Oligodendrocytes","Sample1",0.0362,0.0249
"Gja1","Oligodendrocytes","Sample1",0.0381,0.0332
"Cldn5","OPC","Sample1",0.0143,0.0116
"Ocln","OPC","Sample1",0.0714,0.0465
"Tjp1","OPC","Sample1",1.4187,0.7442
"Jam2","OPC","Sample1",0.4571,0.3372
"Cgn","OPC","Sample1",0.0042,0.0116
"Esam","OPC","Sample1",0,0
"Mfsd2a","OPC","Sample1",0.1037,0.0814
"Plvap","OPC","Sample1",0.0291,0.0233
"Cav1","OPC","Sample1",0.1978,0.1628
"Slc2a1","OPC","Sample1",0.0376,0.0349
"Abcb1a","OPC","Sample1",0.0246,0.0116
"Abcg2","OPC","Sample1",0.3041,0.2209
"Slco1a4","OPC","Sample1",0.0364,0.0116
"Vcam1","OPC","Sample1",0.0163,0.0116
"Icam1","OPC","Sample1",0.0133,0.0116
"Vwf","OPC","Sample1",0.0325,0.0233
"Angpt2","OPC","Sample1",0.0439,0.0349
"Pdgfrb","OPC","Sample1",0.0285,0.0233
"Rgs5","OPC","Sample1",0,0
"Kcnj8","OPC","Sample1",0,0
"Anpep","OPC","Sample1",0,0
"Vtn","OPC","Sample1",0.0268,0.0233
"Notch3","OPC","Sample1",0,0
"Aqp4","OPC","Sample1",0,0
"Gja1","OPC","Sample1",0.0248,0.0233
"Cldn5","Pericytes","Sample1",0.0496,0.0217
"Ocln","Pericytes","Sample1",0,0
"Tjp1","Pericytes","Sample1",0.8769,0.3261
"Jam2","Pericytes","Sample1",0,0
"Cgn","Pericytes","Sample1",0,0
"Esam","Pericytes","Sample1",0.1571,0.0652
"Mfsd2a","Pericytes","Sample1",0.0496,0.0217
"Plvap","Pericytes","Sample1",0,0
"Cav1","Pericytes","Sample1",0.0932,0.0435
"Slc2a1","Pericytes","Sample1",0,0
"Abcb1a","Pericytes","Sample1",0.106,0.0435
"Abcg2","Pericytes","Sample1",0.1522,0.0652
"Slco1a4","Pericytes","Sample1",0.1596,0.0652
"Vcam1","Pericytes","Sample1",0,0
"Icam1","Pericytes","Sample1",0,0
"Vwf","Pericytes","Sample1",0.0496,0.0217
"Angpt2","Pericytes","Sample1",0,0
"Pdgfrb","Pericytes","Sample1",2.2034,0.7391
"Rgs5","Pericytes","Sample1",1.5194,0.5217
"Kcnj8","Pericytes","Sample1",0.2213,0.087
"Anpep","Pericytes","Sample1",0.2331,0.087
"Vtn","Pericytes","Sample1",1.7014,0.5435
"Notch3","Pericytes","Sample1",2.3447,0.7609
"Aqp4","Pericytes","Sample1",0,0
"Gja1","Pericytes","Sample1",0,0
"Cldn5","Astrocytes","Sample2",0.0054,0.0033
"Ocln","Astrocytes","Sample2",0.0302,0.0164
"Tjp1","Astrocytes","Sample2",1.513,0.6885
"Jam2","Astrocytes","Sample2",0.3702,0.223
"Cgn","Astrocytes","Sample2",0.0127,0.0066
"Esam","Astrocytes","Sample2",0,0
"Mfsd2a","Astrocytes","Sample2",0.0636,0.0426
"Plvap","Astrocytes","Sample2",0.0087,0.0066
"Cav1","Astrocytes","Sample2",0.0121,0.0066
"Slc2a1","Astrocytes","Sample2",0.1351,0.0885
"Abcb1a","Astrocytes","Sample2",0.0956,0.0459
"Abcg2","Astrocytes","Sample2",0.1354,0.0689
"Slco1a4","Astrocytes","Sample2",0.0614,0.0262
"Vcam1","Astrocytes","Sample2",0.1558,0.0918
"Icam1","Astrocytes","Sample2",0.0161,0.0098
"Vwf","Astrocytes","Sample2",0.0154,0.0066
"Angpt2","Astrocytes","Sample2",0.0564,0.0295
"Pdgfrb","Astrocytes","Sample2",0.5289,0.2984
"Rgs5","Astrocytes","Sample2",0.0087,0.0033
"Kcnj8","Astrocytes","Sample2",0,0
"Anpep","Astrocytes","Sample2",0.0289,0.0164
"Vtn","Astrocytes","Sample2",0.0871,0.0426
"Notch3","Astrocytes","Sample2",0.1397,0.0852
"Aqp4","Astrocytes","Sample2",0.4746,0.259
"Gja1","Astrocytes","Sample2",0.7628,0.4197
"Cldn5","Choroid plexus","Sample2",0,0
"Ocln","Choroid plexus","Sample2",0.4324,0.2222
"Tjp1","Choroid plexus","Sample2",0.3543,0.2593
"Jam2","Choroid plexus","Sample2",0,0
"Cgn","Choroid plexus","Sample2",0.1489,0.1111
"Esam","Choroid plexus","Sample2",0,0
"Mfsd2a","Choroid plexus","Sample2",0.0469,0.037
"Plvap","Choroid plexus","Sample2",0.0446,0.037
"Cav1","Choroid plexus","Sample2",0,0
"Slc2a1","Choroid plexus","Sample2",0.1493,0.1111
"Abcb1a","Choroid plexus","Sample2",0,0
"Abcg2","Choroid plexus","Sample2",0.0927,0.0741
"Slco1a4","Choroid plexus","Sample2",1.2241,0.6296
"Vcam1","Choroid plexus","Sample2",0.3954,0.2963
"Icam1","Choroid plexus","Sample2",0,0
"Vwf","Choroid plexus","Sample2",0,0
"Angpt2","Choroid plexus","Sample2",0,0
"Pdgfrb","Choroid plexus","Sample2",0,0
"Rgs5","Choroid plexus","Sample2",0,0
"Kcnj8","Choroid plexus","Sample2",0,0
"Anpep","Choroid plexus","Sample2",0,0
"Vtn","Choroid plexus","Sample2",0,0
"Notch3","Choroid plexus","Sample2",0.05,0.037
"Aqp4","Choroid plexus","Sample2",0,0
"Gja1","Choroid plexus","Sample2",0,0
"Cldn5","Endothelial","Sample2",0.523,0.2151
"Ocln","Endothelial","Sample2",0.712,0.3226
"Tjp1","Endothelial","Sample2",2.8967,0.9247
"Jam2","Endothelial","Sample2",0.6436,0.3011
"Cgn","Endothelial","Sample2",0,0
"Esam","Endothelial","Sample2",0.7955,0.3441
"Mfsd2a","Endothelial","Sample2",0.1564,0.0645
"Plvap","Endothelial","Sample2",0,0
"Cav1","Endothelial","Sample2",0.4453,0.2043
"Slc2a1","Endothelial","Sample2",1.6103,0.6237
"Abcb1a","Endothelial","Sample2",2.1843,0.7634
"Abcg2","Endothelial","Sample2",1.8215,0.6989
"Slco1a4","Endothelial","Sample2",3.4742,0.9247
"Vcam1","Endothelial","Sample2",0.3739,0.1613
"Icam1","Endothelial","Sample2",0.0484,0.0215
"Vwf","Endothelial","Sample2",1.0087,0.3871
"Angpt2","Endothelial","Sample2",0.0219,0.0108
"Pdgfrb","Endothelial","Sample2",0.1497,0.0645
"Rgs5","Endothelial","Sample2",0.6401,0.1935
"Kcnj8","Endothelial","Sample2",0,0
"Anpep","Endothelial","Sample2",0.0442,0.0215
"Vtn","Endothelial","Sample2",0.1656,0.0645
"Notch3","Endothelial","Sample2",0.099,0.0538
"Aqp4","Endothelial","Sample2",0.1008,0.043
"Gja1","Endothelial","Sample2",0.0583,0.0323
"Cldn5","Ependymal","Sample2",0,0
"Ocln","Ependymal","Sample2",0.5535,0.2727
"Tjp1","Ependymal","Sample2",0.5223,0.3636
"Jam2","Ependymal","Sample2",0.163,0.0909
"Cgn","Ependymal","Sample2",0,0
"Esam","Ependymal","Sample2",0,0
"Mfsd2a","Ependymal","Sample2",0,0
"Plvap","Ependymal","Sample2",0,0
"Cav1","Ependymal","Sample2",0,0
"Slc2a1","Ependymal","Sample2",0.3326,0.1818
"Abcb1a","Ependymal","Sample2",0,0
"Abcg2","Ependymal","Sample2",0,0
"Slco1a4","Ependymal","Sample2",0,0
"Vcam1","Ependymal","Sample2",0,0
"Icam1","Ependymal","Sample2",0,0
"Vwf","Ependymal","Sample2",0,0
"Angpt2","Ependymal","Sample2",0,0
"Pdgfrb","Ependymal","Sample2",0,0
"Rgs5","Ependymal","Sample2",0,0
"Kcnj8","Ependymal","Sample2",0,0
"Anpep","Ependymal","Sample2",0,0
"Vtn","Ependymal","Sample2",0,0
"Notch3","Ependymal","Sample2",0,0
"Aqp4","Ependymal","Sample2",0.4447,0.2727
"Gja1","Ependymal","Sample2",0,0
"Cldn5","Excitatory neurons","Sample2",0.0017,0.0029
"Ocln","Excitatory neurons","Sample2",0.0271,0.0344
"Tjp1","Excitatory neurons","Sample2",1.5482,0.9358
"Jam2","Excitatory neurons","Sample2",0.0414,0.0555
"Cgn","Excitatory neurons","Sample2",0.0199,0.0286
"Esam","Excitatory neurons","Sample2",0.0108,0.0166
"Mfsd2a","Excitatory neurons","Sample2",0.005,0.0058
"Plvap","Excitatory neurons","Sample2",0.0173,0.024
"Cav1","Excitatory neurons","Sample2",0.0077,0.0124
"Slc2a1","Excitatory neurons","Sample2",0.0281,0.0418
"Abcb1a","Excitatory neurons","Sample2",0.005,0.007
"Abcg2","Excitatory neurons","Sample2",0.0784,0.106
"Slco1a4","Excitatory neurons","Sample2",0.0084,0.0099
"Vcam1","Excitatory neurons","Sample2",0.0037,0.0058
"Icam1","Excitatory neurons","Sample2",3e-04,4e-04
"Vwf","Excitatory neurons","Sample2",0.0012,0.0021
"Angpt2","Excitatory neurons","Sample2",0.0259,0.0373
"Pdgfrb","Excitatory neurons","Sample2",0.008,0.0112
"Rgs5","Excitatory neurons","Sample2",0.0048,0.0062
"Kcnj8","Excitatory neurons","Sample2",0,0
"Anpep","Excitatory neurons","Sample2",6e-04,8e-04
"Vtn","Excitatory neurons","Sample2",0.005,0.007
"Notch3","Excitatory neurons","Sample2",0.0162,0.0228
"Aqp4","Excitatory neurons","Sample2",0.0072,0.0099
"Gja1","Excitatory neurons","Sample2",0.0135,0.0174
"Cldn5","Inhibitory neurons","Sample2",0,0
"Ocln","Inhibitory neurons","Sample2",0.0104,0.0142
"Tjp1","Inhibitory neurons","Sample2",1.4116,0.8836
"Jam2","Inhibitory neurons","Sample2",0.0448,0.0453
"Cgn","Inhibitory neurons","Sample2",0.0858,0.1061
"Esam","Inhibitory neurons","Sample2",0.0119,0.0155
"Mfsd2a","Inhibitory neurons","Sample2",0.0012,0.0013
"Plvap","Inhibitory neurons","Sample2",0.0439,0.0479
"Cav1","Inhibitory neurons","Sample2",0.0034,0.0039
"Slc2a1","Inhibitory neurons","Sample2",0.0313,0.0401
"Abcb1a","Inhibitory neurons","Sample2",0.0051,0.0052
"Abcg2","Inhibitory neurons","Sample2",0.0573,0.0673
"Slco1a4","Inhibitory neurons","Sample2",0.0025,0.0039
"Vcam1","Inhibitory neurons","Sample2",9e-04,0.0013
"Icam1","Inhibitory neurons","Sample2",0,0
"Vwf","Inhibitory neurons","Sample2",0.0013,0.0026
"Angpt2","Inhibitory neurons","Sample2",0.025,0.031
"Pdgfrb","Inhibitory neurons","Sample2",0.0122,0.0142
"Rgs5","Inhibitory neurons","Sample2",0.0028,0.0026
"Kcnj8","Inhibitory neurons","Sample2",0,0
"Anpep","Inhibitory neurons","Sample2",7e-04,0.0013
"Vtn","Inhibitory neurons","Sample2",6e-04,0.0013
"Notch3","Inhibitory neurons","Sample2",0.0271,0.0336
"Aqp4","Inhibitory neurons","Sample2",0.0054,0.0065
"Gja1","Inhibitory neurons","Sample2",0.0084,0.0103
"Cldn5","Microglia","Sample2",0,0
"Ocln","Microglia","Sample2",0.0209,0.0088
"Tjp1","Microglia","Sample2",1.0256,0.4425
"Jam2","Microglia","Sample2",0.1807,0.0885
"Cgn","Microglia","Sample2",0,0
"Esam","Microglia","Sample2",0,0
"Mfsd2a","Microglia","Sample2",0,0
"Plvap","Microglia","Sample2",0,0
"Cav1","Microglia","Sample2",0,0
"Slc2a1","Microglia","Sample2",0.0188,0.0088
"Abcb1a","Microglia","Sample2",0.0405,0.0177
"Abcg2","Microglia","Sample2",0.3812,0.1681
"Slco1a4","Microglia","Sample2",0.0669,0.0177
"Vcam1","Microglia","Sample2",0,0
"Icam1","Microglia","Sample2",0.1558,0.0708
"Vwf","Microglia","Sample2",0.0156,0.0088
"Angpt2","Microglia","Sample2",0.0347,0.0177
"Pdgfrb","Microglia","Sample2",0.018,0.0088
"Rgs5","Microglia","Sample2",0,0
"Kcnj8","Microglia","Sample2",0,0
"Anpep","Microglia","Sample2",0,0
"Vtn","Microglia","Sample2",0.0188,0.0088
"Notch3","Microglia","Sample2",0.0178,0.0088
"Aqp4","Microglia","Sample2",0,0
"Gja1","Microglia","Sample2",0,0
"Cldn5","Oligodendrocytes","Sample2",0,0
"Ocln","Oligodendrocytes","Sample2",0.0036,0.0025
"Tjp1","Oligodendrocytes","Sample2",1.2292,0.5637
"Jam2","Oligodendrocytes","Sample2",0.0377,0.0245
"Cgn","Oligodendrocytes","Sample2",0.0057,0.0049
"Esam","Oligodendrocytes","Sample2",0.0044,0.0025
"Mfsd2a","Oligodendrocytes","Sample2",0,0
"Plvap","Oligodendrocytes","Sample2",0,0
"Cav1","Oligodendrocytes","Sample2",0.0023,0.0025
"Slc2a1","Oligodendrocytes","Sample2",0.0638,0.0392
"Abcb1a","Oligodendrocytes","Sample2",0.0065,0.0025
"Abcg2","Oligodendrocytes","Sample2",0.0761,0.0441
"Slco1a4","Oligodendrocytes","Sample2",0.014,0.0074
"Vcam1","Oligodendrocytes","Sample2",0.0027,0.0025
"Icam1","Oligodendrocytes","Sample2",0.0041,0.0025
"Vwf","Oligodendrocytes","Sample2",0,0
"Angpt2","Oligodendrocytes","Sample2",0.0074,0.0074
"Pdgfrb","Oligodendrocytes","Sample2",0.0151,0.0123
"Rgs5","Oligodendrocytes","Sample2",0.0076,0.0049
"Kcnj8","Oligodendrocytes","Sample2",0,0
"Anpep","Oligodendrocytes","Sample2",0,0
"Vtn","Oligodendrocytes","Sample2",0.005,0.0025
"Notch3","Oligodendrocytes","Sample2",0.0162,0.0098
"Aqp4","Oligodendrocytes","Sample2",0.007,0.0049
"Gja1","Oligodendrocytes","Sample2",0.0305,0.0196
"Cldn5","OPC","Sample2",0,0
"Ocln","OPC","Sample2",0,0
"Tjp1","OPC","Sample2",1.2546,0.7069
"Jam2","OPC","Sample2",0.3842,0.2672
"Cgn","OPC","Sample2",0.0104,0.0086
"Esam","OPC","Sample2",0,0
"Mfsd2a","OPC","Sample2",0.1518,0.1034
"Plvap","OPC","Sample2",0.0141,0.0086
"Cav1","OPC","Sample2",0.1807,0.1379
"Slc2a1","OPC","Sample2",0.0364,0.0345
"Abcb1a","OPC","Sample2",0.0089,0.0086
"Abcg2","OPC","Sample2",0.2833,0.2069
"Slco1a4","OPC","Sample2",0.0225,0.0086
"Vcam1","OPC","Sample2",0,0
"Icam1","OPC","Sample2",0.0102,0.0086
"Vwf","OPC","Sample2",0.1034,0.0776
"Angpt2","OPC","Sample2",0.033,0.0259
"Pdgfrb","OPC","Sample2",0.0065,0.0086
"Rgs5","OPC","Sample2",0,0
"Kcnj8","OPC","Sample2",0,0
"Anpep","OPC","Sample2",0,0
"Vtn","OPC","Sample2",0,0
"Notch3","OPC","Sample2",0,0
"Aqp4","OPC","Sample2",0.0226,0.0172
"Gja1","OPC","Sample2",0.0237,0.0172
"Cldn5","Pericytes","Sample2",0,0
"Ocln","Pericytes","Sample2",0,0
"Tjp1","Pericytes","Sample2",1.4141,0.5111
"Jam2","Pericytes","Sample2",0,0
"Cgn","Pericytes","Sample2",0,0
"Esam","Pericytes","Sample2",0.2679,0.1111
"Mfsd2a","Pericytes","Sample2",0,0
"Plvap","Pericytes","Sample2",0,0
"Cav1","Pericytes","Sample2",0,0
"Slc2a1","Pericytes","Sample2",0.0611,0.0222
"Abcb1a","Pericytes","Sample2",0,0
"Abcg2","Pericytes","Sample2",0.3339,0.1333
"Slco1a4","Pericytes","Sample2",0.0581,0.0222
"Vcam1","Pericytes","Sample2",0,0
"Icam1","Pericytes","Sample2",0,0
"Vwf","Pericytes","Sample2",0,0
"Angpt2","Pericytes","Sample2",0.0449,0.0222
"Pdgfrb","Pericytes","Sample2",2.129,0.7556
"Rgs5","Pericytes","Sample2",1.2114,0.4667
"Kcnj8","Pericytes","Sample2",0.1947,0.0889
"Anpep","Pericytes","Sample2",0.2574,0.1111
"Vtn","Pericytes","Sample2",1.5767,0.5778
"Notch3","Pericytes","Sample2",2.2275,0.7556
"Aqp4","Pericytes","Sample2",0.044,0.0222
"Gja1","Pericytes","Sample2",0,0
