"cell","sample","TightJunction","Transporter","Leak","EndoActivation"
"S1_AAGTCAAAGGAGGCTA-1","Sample1",-0.196290754079613,1.84502745096931,1.14003799842016,-0.329805658398031
"S1_AATGCGAGTTAGCCTG-1","Sample1",-0.00155649939473701,2.17866294989908,-0.156022678397179,-0.309174895860014
"S1_ACAATTCAGTTACGCA-1","Sample1",0.00845263131549256,0.270478188395198,-0.20090048411393,0.0490113490889199
"S1_ACACCAATCGTTAGGC-1","Sample1",0.173611666417299,0.386934526548322,-0.1753175671531,-0.260824705945346
"S1_AGCAATCCACCATGAG-1","Sample1",-0.13991494636046,-0.287341956769999,-0.24009204753535,-0.402472381725914
"S1_AGCAGCAAGGTTGGAG-1","Sample1",0.412914994970917,1.62792600798088,-0.216465045096308,-0.261219584823873
"S1_AGCTAATTCTAACCTC-1","Sample1",-0.0653994762443817,1.74730893630883,-0.212490647662223,-0.383614645422129
"S1_AGGACATAGCCACTAA-1","Sample1",0.563011986652013,1.7583977242181,0.855548333953439,0.354940926248804
"S1_AGTCGGGGTTATGGGA-1","Sample1",0.278801842850429,0.608718161250967,-0.212774854419812,0.328463985448779
"S1_AGTGGAACAAGGTAAG-1","Sample1",0.399886723468585,0.0136359595778428,-0.206410075501647,-0.306331878886315
"S1_AGTTATCAGGGTAGAT-1","Sample1",-0.304945261659292,1.76248206147217,-0.214694157646789,0.726032098447824
"S1_ATGAACCCATGGCAGC-1","Sample1",0.250957574546733,1.72681856692499,-0.200376195365742,0.283211632291209
"S1_ATGCAGCTCGCTGACG-1","Sample1",0.397724200129967,1.42639133216288,-0.105927029922515,0.943370796808021
"S1_CAAAGGTAGCAAGGCA-1","Sample1",-0.587335005438406,-0.303449650539197,-0.17790745733402,-0.374413314298881
"S1_CATCGTCCACCAACCT-1","Sample1",0.398098249008789,1.21742526789464,-0.223212186278625,1.3458026213036
"S1_CCGCTTATCGACTACA-1","Sample1",0.281802169441593,1.09382700427923,-0.136774840050724,-0.331705119162431
"S1_CCTACGAGTTCCAGCA-1","Sample1",0.00470465813364906,0.911536771244876,-0.255736565283911,0.506916002051959
"S1_CCTGCGAAGTGAATGA-1","Sample1",-0.0338607242667405,0.227917315242835,-0.0847867141953035,0.415290849170086
"S1_CGCCTGTTCAGGAGTG-1","Sample1",-0.456556799864979,2.4021067430331,-0.0759233786977816,-0.159558282733771
"S1_CGGCCTAAGGATCATT-1","Sample1",0.232885692548208,0.82476830652921,-0.284455303108236,0.419146172291318
"S1_CGTACAGCAACTGTCC-1","Sample1",0.637617759343211,-0.065000730564288,1.25880552130657,0.863188242313307
"S1_CGTCATCCATGGTCCT-1","Sample1",0.572203137968527,0.720063539765014,-0.313011337195659,0.198629277185726
"S1_CTAGCGCGTAAGTGTG-1","Sample1",0.170913404086224,0.862645059970262,-0.0998552951460857,0.446394846860217
"S1_CTAGCTGGTGCAGCGA-1","Sample1",-0.313435216568534,1.32585518672329,-0.307457584436067,0.863382323728829
"S1_CTCTATTGTTGCACAT-1","Sample1",-0.586467899047463,1.24808251156342,-0.170987426869845,-0.353003286873015
"S1_CTGCCTGCACTTGCTA-1","Sample1",-0.211546729662027,1.94802631849297,1.42917454112646,0.961378239822302
"S1_CTGCTAAAGGAGTACG-1","Sample1",0.176618619979949,0.894118974088915,-0.1651761618918,-0.230994139305893
"S1_CTTGGCGAGCCAATCA-1","Sample1",0.389475360022883,1.3267060717078,-0.227260077684253,0.155624664409344
"S1_CTTGTGTTCATGAGTT-1","Sample1",-0.0405353430966674,1.32602047448608,1.02765684048818,0.26882794610636
"S1_GCACAGCCACGCCATT-1","Sample1",-0.110517786498743,0.558815101173442,0.334072191712406,-0.114455978151146
"S1_GCCACATAGGGTCTCG-1","Sample1",-0.0174145594625946,1.72471247208649,-0.18516726047049,0.455862025588523
"S1_GCCCATTCAGGTATCG-1","Sample1",-0.545986885744258,0.428528032511536,0.892270757033945,0.395466026964701
"S1_GCTAAACCAGGTATGT-1","Sample1",-0.0527288143624333,-0.0542861485564999,-0.0775650367543889,-0.295409174175783
"S1_GGCGCTTGTTCACGGC-1","Sample1",-0.27813723217322,-0.0935501846978694,-0.154724593358204,0.330853374592846
"S1_GGCGTGAGTTTCGGAT-1","Sample1",-0.478876496028383,-0.0673288545378864,-0.211243545498947,-0.33091472495902
"S1_GGGGTATGTAATCGCT-1","Sample1",0.175966430238134,1.62784223900789,1.27121830701528,-0.334845764062423
"S1_GGGGTATGTTAGGTGA-1","Sample1",0.366933395827036,0.00653304983555925,-0.174089759990629,-0.329168465194522
"S1_GGGTCAGGTGATAGAT-1","Sample1",-0.134003640659503,1.03199315298555,-0.318898332316176,-0.373499858746248
"S1_GTCCGTGAGTAGGTAA-1","Sample1",0.122381831338506,0.441447617969744,-0.130797248102374,-0.336816699970277
"S1_GTCTATGAGATTCAGT-1","Sample1",-0.11434138514647,0.822095268479236,1.07951779024079,0.285346424331737
"S1_GTGAGGATCACTTGCT-1","Sample1",-0.681472643261266,1.15546238718986,-0.193565016256549,0.725402792253877
"S1_GTGGTGAAGCCTGGAT-1","Sample1",0.379381780601228,1.42563350324862,-0.294056086851913,-0.49020420401453
"S1_GTGTTCCCAGCCTAGA-1","Sample1",0.179929597612649,2.00192254301802,-0.167390351828361,-0.281220579252731
"S1_GTTAGGCTCGCTCATT-1","Sample1",-0.0588182295890314,0.836143675743705,0.277044733596837,-0.111143485233024
"S1_GTTCCAAAGTGCCAGT-1","Sample1",0.109136837114436,1.51439109344548,-0.157474165233722,1.49510420438131
"S1_TAACCAACAACTAATG-1","Sample1",0.722316493356802,1.48049970551272,0.502302326011403,0.00317903353721305
"S1_TACAAGCCATCCCGAT-1","Sample1",0.309596658058908,0.886076558416939,-0.236776443086392,-0.358926231044012
"S1_TATGGTTAGTCGACGT-1","Sample1",-0.175094989725889,-0.733218988517556,1.2362305845907,-0.375403189407769
"S1_TCATAGGTCCAGCCCT-1","Sample1",0.252830105923415,0.9910120459128,-0.314945699887293,-0.436082238277942
"S1_TCATTGCTCATGCAGC-1","Sample1",-0.257300750479472,1.28343984718385,1.45665839215361,-0.342754291803816
"S1_TCTAATCCAAAGGTGA-1","Sample1",-0.205641540594246,0.364506955628448,-0.143517435932071,-0.293971902432295
"S1_TGATTAGCAGGACTTG-1","Sample1",-0.60711926062697,-0.165002591271007,-0.132263133489708,0.331207236677751
"S1_TGCCCATCACCAATCC-1","Sample1",0.184608036002159,0.960934977112868,-0.294988930409434,0.221818582989431
"S1_TGCTGGACACCTGTGT-1","Sample1",-0.169685314590234,-0.739412818056282,0.879078490478418,-0.422259102731022
"S1_TGCTGTCCATGAGTGT-1","Sample1",1.52572963573916,0.570247339162419,-0.116097787213018,0.201504932412438
"S1_TGGTTACGTTTGACCG-1","Sample1",0.34868851824869,1.0028006002693,-0.147783605870034,-0.349802848090931
"S1_TGTATTGGTGACTTCG-1","Sample1",-0.716756782135515,0.0838804200252473,-0.244439547837356,-0.391557672441721
"S2_AACAGTAAGTCATTGG-1","Sample2",0.150415606773583,1.33466848403473,0.882340877442339,0.349370667130667
"S2_AACGCGCCAAATGCCG-1","Sample2",0.371325645178763,1.35099197466461,-0.224993005872425,0.576701405824641
"S2_AACTGCATCACCTACT-1","Sample2",0.232696841849949,-0.245905484405308,-0.163833937247686,-0.334457867560426
"S2_AAGGCTAGTTTCCGTC-1","Sample2",-0.272823139856025,0.432048549640633,-0.188760766809999,1.10536310695603
"S2_AATCTAGCATAACGCG-1","Sample2",0.243510330196148,1.4624189222146,0.743814725755402,0.798140006173427
"S2_AATGGGGTCGATGCTA-1","Sample2",0.0386257856797322,1.69601247331231,-0.127099655792058,0.581171396896027
"S2_ACACGGTTCATGTCGA-1","Sample2",0.329697835050768,1.48394782302203,-0.205017578973379,0.372280623548795
"S2_ACAGGGGCATCACGAG-1","Sample2",-0.19092325386225,0.606407222574635,1.14333864769886,0.316874813829379
"S2_ACCCAAATCATGGATT-1","Sample2",0.271769843099096,1.96711980252375,-0.128446018145762,0.378790543517405
"S2_ACCCCAAGTCTGTGGC-1","Sample2",0.219899330868202,1.28075984921769,-0.101479223449306,-0.295013401049516
"S2_ACGCAGCCATAGATTG-1","Sample2",-0.251985778666421,1.47446492186692,-0.20208463978649,1.06246892961646
"S2_ACGTCACAGCTATGCA-1","Sample2",-0.13797707738266,0.398319709773345,-0.368672437637359,-0.180656975040892
"S2_AGCAATTTCGATCGGT-1","Sample2",0.145795979687601,-0.558648780958811,-0.371973576895393,-0.130391589879925
"S2_AGCCATCAGGTCAACC-1","Sample2",0.404302774943669,0.989971574572026,-0.291370279580257,-0.394484360654525
"S2_AGCCTGACACATTCCA-1","Sample2",0.468737826185825,1.15843603933992,-0.145618055352091,-0.342460225390383
"S2_AGCTTTAGTTTACTCT-1","Sample2",-0.0467648150288806,0.484358998751454,-0.322859047990858,-0.468498804466134
"S2_AGGCTCACATCACGGA-1","Sample2",0.0155850308214693,1.48011708271413,-0.23282247874536,-0.378380510306308
"S2_AGTGACAGTGAGCGAT-1","Sample2",0.980642025751423,1.30813696288334,-0.105046228238526,0.373175904584871
"S2_AGTGAGTAGCGAACTC-1","Sample2",-0.0685076519482084,1.71492913394249,-0.151877703104563,0.989682927148317
"S2_ATAGCCATCAAGTAAG-1","Sample2",0.0388768655180491,1.73852643411023,-0.147004121192244,0.796597851722781
"S2_ATGACGGAGGATCTGC-1","Sample2",0.85150246613225,1.15110669953228,-0.238400902243244,-0.417977345645564
"S2_ATGGTTTAGTATGTAC-1","Sample2",0.352542322320684,0.889562414352417,0.950148513971812,-0.398938691451353
"S2_ATTCGCTTCCTCATCG-1","Sample2",0.568536221402105,0.516150246983197,-0.144798011118935,-0.277580702221311
"S2_ATTGGTTAGCCCTGTC-1","Sample2",0.943197157588849,1.48853477156375,1.11689027550401,-0.247612396363644
"S2_CAAATTCAGGGTACTC-1","Sample2",-0.191084886419916,0.914723076295578,0.713239363370986,0.969149539830756
"S2_CACCTATTCGACCAGT-1","Sample2",-0.165631695115966,0.266347337169544,0.441622994856978,-0.445588604507229
"S2_CAGGGCTCAAGCGCGT-1","Sample2",0.558751587248638,2.17005326922433,-0.136922439068333,-0.319091438719745
"S2_CATAACTAGCGATGTC-1","Sample2",-0.580125289177116,1.1537533216659,-0.153768960893571,-0.287369503528955
"S2_CATACTGAGGCTTACA-1","Sample2",-0.205999253697936,1.64902051182736,-0.181119343951881,-0.252941278178425
"S2_CATAGGCTCGACATTG-1","Sample2",-0.190792493007337,1.63096331601982,0.840654263143256,0.39464517276428
"S2_CATCCACCATAATTGG-1","Sample2",0.372017072228971,0.896359057626876,-0.290720914863267,-0.343390513810343
"S2_CATTACTCAGTACCTC-1","Sample2",0.403898675500512,1.41913259701154,1.12517513698556,-0.314439864009587
"S2_CCACAACAGTTAGTAC-1","Sample2",-0.075126104337048,0.771580395847098,-0.306405430335615,-0.447126728337123
"S2_CCAGAGAAGGGGACGT-1","Sample2",0.38924831761175,1.26427056676883,-0.170671992158737,-0.327673060826533
"S2_CCCACTTGTGCATTCG-1","Sample2",-0.0184278505118451,1.18587604567291,-0.223591933350637,0.144046716513787
"S2_CCCACTTGTTTCGGGC-1","Sample2",1.01813756539704,0.7224927148836,-0.173831940743709,0.301078312364595
"S2_CCGGCATGTGGAAGTC-1","Sample2",0.188411396891845,1.34335832841615,0.880029530311467,0.173521283719852
"S2_CGAATCATCCCGCTTA-1","Sample2",-0.0533387459916361,0.0791103624182079,-0.216188651970011,0.490154068559819
"S2_CGAATTTAGAACCTTG-1","Sample2",-0.332161738610604,1.8212020093424,-0.283103472560147,0.108224895768093
"S2_CGAGGGACATCGTAGG-1","Sample2",-0.129951010770762,1.11038768292129,-0.252402783704266,0.291284233174475
"S2_CGATAGTCATCCCTGG-1","Sample2",0.361950251652036,0.795751955117224,-0.19056494413788,-0.334241627700968
"S2_CGCACTTCACTCATCA-1","Sample2",1.16014904507909,2.57543795956166,-0.145170373338081,-0.337492977333141
"S2_CGGTGTTAGTGCTGCG-1","Sample2",0.151752717404536,2.04878234044891,1.3091765340406,-0.315559134456514
"S2_CGTATTGAGGTATAGA-1","Sample2",-0.118956089819331,1.17750387673322,-0.181839087420126,0.368192538801413
"S2_CGTGCCTTCAGGTCGT-1","Sample2",0.494262628170136,0.561345502569073,-0.157657927018821,-0.324306613677326
"S2_CTCCTTAGTAATGCTC-1","Sample2",0.477921368816455,1.33334105549309,-0.18215531116204,-0.327134582564919
"S2_CTCTAGAAGCAAGGAT-1","Sample2",-0.0752079636925657,1.51040911569882,-0.198524912655918,-0.341333675347604
"S2_CTCTTAATCCATTCCG-1","Sample2",0.359979861570553,2.22155799446589,1.13548102638617,-0.38849009196912
"S2_CTGAAAGGTTTACTTC-1","Sample2",0.63945082813405,1.54885845221895,0.758691272418606,0.385434159622085
"S2_CTGTCCATCGCTCAGG-1","Sample2",0.0353227008777783,0.268868731746651,-0.148218150494317,-0.225252734764295
"S2_CTTAATGGTTTGCCAG-1","Sample2",0.540347649915574,0.90796264137898,-0.202152355174449,-0.382365458149263
"S2_CTTAGTAGTGATAGGC-1","Sample2",-0.150127545921132,2.24328483019732,-0.101393566634092,-0.284515219153471
"S2_CTTCATCAGTCGATAT-1","Sample2",0.448747592754694,0.568079182607327,-0.131450929631493,-0.314192978521978
"S2_GCACGAGGTAGCTCGC-1","Sample2",0.399185793117065,1.45075504601778,-0.226769066603429,-0.382027862797214
"S2_GCACTGGTCCGTCACC-1","Sample2",0.463499876819834,1.01939565256828,-0.167422217725972,-0.360709867822555
"S2_GCAGTAAGTCAAGGCG-1","Sample2",0.344962621118418,1.27015909276953,-0.197753434151774,0.963701183234384
"S2_GCCCATAGTAGCCAGG-1","Sample2",0.255732338016258,0.935718315464253,-0.313245534776915,-0.112046291274484
"S2_GGAACGATCAGCACCG-1","Sample2",-0.301498216971168,0.883730349100313,-0.349827572814769,-0.308151564331315
"S2_GGACCCTGTTAGCTGT-1","Sample2",0.137602699771824,0.400633356831388,-0.232400888833588,-0.352607428352828
"S2_GGATGGGCAAGTTCCC-1","Sample2",0.213537059590182,0.321906460851285,-0.173357997448408,-0.338491977640988
"S2_GGATTAAAGTTGGGCT-1","Sample2",0.591074060984722,1.69151317658549,-0.184312159396976,-0.401400811267035
"S2_GGCATCCGTGGAAGGA-1","Sample2",-0.0308644680265282,1.93721146994254,-0.0729648266415143,-0.341588290744028
"S2_GGCTGCATCAATTGGT-1","Sample2",-0.164261076310033,0.638204066896795,-0.263243142867391,-0.433906922469563
"S2_GGCTTCCTCGACTATG-1","Sample2",-0.117754257306337,1.56214264037785,-0.207482411320662,0.0795987858255658
"S2_GGCTTTGGTAGTGTGA-1","Sample2",0.766391411587313,1.59768034055899,-0.204317981560869,-0.332593674407524
"S2_GTAACCATCAGGGATG-1","Sample2",0.303428372609333,0.550015831611816,-0.225325349864906,0.0387154659399605
"S2_GTAATGGGTAAGGTTG-1","Sample2",0.297393286557703,-0.710726526137918,-0.201146979525656,-0.218080980536322
"S2_GTACCAGCAAATGGGA-1","Sample2",-0.15063388373199,1.03611016682845,-0.199088571074341,0.47402513541873
"S2_GTAGCATCATTAGCGG-1","Sample2",0.496276972956477,0.567834361162782,-0.235049317671935,0.131213151282363
"S2_GTATAGCCAGTAAGGA-1","Sample2",0.56721446238278,1.19044923317534,-0.177977019652434,0.100540855820319
"S2_GTCTCCATCCGCCACT-1","Sample2",0.0887908619485117,1.02670240278888,0.773397047583148,0.281944324199003
"S2_GTGGCAGGTCCCGAAC-1","Sample2",0.91606613251765,1.4535875319278,0.784900022242635,-0.523531910082131
"S2_GTTCTAAGTTATCGCG-1","Sample2",0.82308410076213,-0.734661520884872,-0.164516745274136,0.302521490521171
"S2_GTTCTCACATTGGCGA-1","Sample2",-0.251591437764861,2.03086303285613,-0.133437303517632,0.68137392824103
"S2_GTTGAAGGTTAGCATC-1","Sample2",0.407298772031289,1.17566615389804,-0.174620834902225,-0.437097760592202
"S2_GTTGCCTCAGGATCTG-1","Sample2",0.695346441616093,1.43252798747887,-0.171946243952711,0.151570883188829
"S2_TATGATGCATCCATAT-1","Sample2",0.269747116003544,0.715010682648929,-0.199475774230769,1.27890147819849
"S2_TCATGGATCCATCAAG-1","Sample2",-0.628269595193351,-0.155475767450215,-0.201633883027508,-0.403536710074224
"S2_TCATTCGCAAAGGACA-1","Sample2",0.786530929328125,1.36532085093971,-0.228981977467283,-0.391981875402182
"S2_TCCAAAGTCGCTCACC-1","Sample2",0.464770520440131,1.20113115562282,-0.221886293882992,0.743382588420294
"S2_TCCAGGTAGGGGATTG-1","Sample2",-0.138773033764889,1.82871804116716,1.14928244191983,-0.435304622628994
"S2_TCCCCTGGTTGGTCAT-1","Sample2",-0.194172593019075,0.700691460752275,-0.299955724624484,-0.455053620881332
"S2_TCGCAACAGGTGACAG-1","Sample2",-0.0510910898036823,2.03115319247604,-0.146581018706545,0.139725854444674
"S2_TCGCTGCTCATCAGTG-1","Sample2",1.17275485185389,1.10057367424284,0.839387130818508,-0.287767129144191
"S2_TCTACGTTCGCTAGTA-1","Sample2",0.584821960872382,1.5648202370991,-0.230571770915186,0.726279193327123
"S2_TCTATCTGTAGTGTGA-1","Sample2",0.276014512993718,1.08706418952615,-0.20699990689128,0.64747879919899
"S2_TCTCATTGTCTTGCTC-1","Sample2",-0.353374592328324,0.0505809383961933,0.287455188361713,0.140182037692546
"S2_TGATTGGTCAGGATGG-1","Sample2",0.11162675803704,0.623903116797662,-0.227742671425494,-0.366026318117896
"S2_TGCGAAAGTTGCTGTG-1","Sample2",0.406900487761653,1.62133176819201,-0.183068607674848,-0.325582046987023
"S2_TGCTATAGTCAATCCG-1","Sample2",0.43645740116094,0.896528518208421,-0.303438723619952,-0.44278414887941
"S2_TGGAGTGAGGAGGCTA-1","Sample2",0.578672776448318,0.639405923230239,-0.109068962579797,-0.289072457061981
"S2_TGGCGCATCCCTCACA-1","Sample2",0.356745692238647,0.684696576207381,0.402696827262543,-0.100596225974184
"S2_TGTCGATGTTATGGCT-1","Sample2",0.252622574494544,0.206948259129177,-0.206234752292605,-0.362510575157677
